Internal Server Error: /api/auth/users/
Traceback (most recent call last):
  File "/home/sh1m0n/PycharmProjects/TeamMate/.venv/lib/python3.12/site-packages/django/core/handlers/exception.py", line 55, in inner
    response = get_response(request)
               ^^^^^^^^^^^^^^^^^^^^^
  File "/home/sh1m0n/PycharmProjects/TeamMate/.venv/lib/python3.12/site-packages/django/core/handlers/base.py", line 197, in _get_response
    response = wrapped_callback(request, *callback_args, **callback_kwargs)
               ^^^^^^^^^^^^^^^^^^^^^^^^^^^^^^^^^^^^^^^^^^^^^^^^^^^^^^^^^^^^
  File "/home/sh1m0n/PycharmProjects/TeamMate/.venv/lib/python3.12/site-packages/django/views/decorators/csrf.py", line 56, in wrapper_view
    return view_func(*args, **kwargs)
           ^^^^^^^^^^^^^^^^^^^^^^^^^^
  File "/home/sh1m0n/PycharmProjects/TeamMate/.venv/lib/python3.12/site-packages/rest_framework/viewsets.py", line 125, in view
    return self.dispatch(request, *args, **kwargs)
           ^^^^^^^^^^^^^^^^^^^^^^^^^^^^^^^^^^^^^^^
  File "/home/sh1m0n/PycharmProjects/TeamMate/.venv/lib/python3.12/site-packages/rest_framework/views.py", line 515, in dispatch
    response = self.handle_exception(exc)
               ^^^^^^^^^^^^^^^^^^^^^^^^^^
  File "/home/sh1m0n/PycharmProjects/TeamMate/.venv/lib/python3.12/site-packages/rest_framework/views.py", line 475, in handle_exception
    self.raise_uncaught_exception(exc)
  File "/home/sh1m0n/PycharmProjects/TeamMate/.venv/lib/python3.12/site-packages/rest_framework/views.py", line 486, in raise_uncaught_exception
    raise exc
  File "/home/sh1m0n/PycharmProjects/TeamMate/.venv/lib/python3.12/site-packages/rest_framework/views.py", line 512, in dispatch
    response = handler(request, *args, **kwargs)
               ^^^^^^^^^^^^^^^^^^^^^^^^^^^^^^^^^
  File "/home/sh1m0n/PycharmProjects/TeamMate/.venv/lib/python3.12/site-packages/rest_framework/mixins.py", line 19, in create
    self.perform_create(serializer)
  File "/home/sh1m0n/PycharmProjects/TeamMate/.venv/lib/python3.12/site-packages/djoser/views.py", line 134, in perform_create
    user = serializer.save(*args, **kwargs)
           ^^^^^^^^^^^^^^^^^^^^^^^^^^^^^^^^
  File "/home/sh1m0n/PycharmProjects/TeamMate/.venv/lib/python3.12/site-packages/rest_framework/serializers.py", line 210, in save
    self.instance = self.create(validated_data)
                    ^^^^^^^^^^^^^^^^^^^^^^^^^^^
  File "/home/sh1m0n/PycharmProjects/TeamMate/.venv/lib/python3.12/site-packages/djoser/serializers.py", line 40, in create
    user = self.perform_create(validated_data)
           ^^^^^^^^^^^^^^^^^^^^^^^^^^^^^^^^^^^
  File "/home/sh1m0n/PycharmProjects/TeamMate/.venv/lib/python3.12/site-packages/djoser/serializers.py", line 48, in perform_create
    user = User.objects.create_user(**validated_data)
           ^^^^^^^^^^^^^^^^^^^^^^^^^^^^^^^^^^^^^^^^^^
TypeError: UserManager.create_user() missing 1 required positional argument: 'username'
"POST /api/auth/users/ HTTP/1.1" 500 145
Internal Server Error: /api/auth/users/
Traceback (most recent call last):
  File "/home/sh1m0n/PycharmProjects/TeamMate/.venv/lib/python3.12/site-packages/django/core/handlers/exception.py", line 55, in inner
    response = get_response(request)
               ^^^^^^^^^^^^^^^^^^^^^
  File "/home/sh1m0n/PycharmProjects/TeamMate/.venv/lib/python3.12/site-packages/django/core/handlers/base.py", line 197, in _get_response
    response = wrapped_callback(request, *callback_args, **callback_kwargs)
               ^^^^^^^^^^^^^^^^^^^^^^^^^^^^^^^^^^^^^^^^^^^^^^^^^^^^^^^^^^^^
  File "/home/sh1m0n/PycharmProjects/TeamMate/.venv/lib/python3.12/site-packages/django/views/decorators/csrf.py", line 56, in wrapper_view
    return view_func(*args, **kwargs)
           ^^^^^^^^^^^^^^^^^^^^^^^^^^
  File "/home/sh1m0n/PycharmProjects/TeamMate/.venv/lib/python3.12/site-packages/rest_framework/viewsets.py", line 125, in view
    return self.dispatch(request, *args, **kwargs)
           ^^^^^^^^^^^^^^^^^^^^^^^^^^^^^^^^^^^^^^^
  File "/home/sh1m0n/PycharmProjects/TeamMate/.venv/lib/python3.12/site-packages/rest_framework/views.py", line 515, in dispatch
    response = self.handle_exception(exc)
               ^^^^^^^^^^^^^^^^^^^^^^^^^^
  File "/home/sh1m0n/PycharmProjects/TeamMate/.venv/lib/python3.12/site-packages/rest_framework/views.py", line 475, in handle_exception
    self.raise_uncaught_exception(exc)
  File "/home/sh1m0n/PycharmProjects/TeamMate/.venv/lib/python3.12/site-packages/rest_framework/views.py", line 486, in raise_uncaught_exception
    raise exc
  File "/home/sh1m0n/PycharmProjects/TeamMate/.venv/lib/python3.12/site-packages/rest_framework/views.py", line 512, in dispatch
    response = handler(request, *args, **kwargs)
               ^^^^^^^^^^^^^^^^^^^^^^^^^^^^^^^^^
  File "/home/sh1m0n/PycharmProjects/TeamMate/.venv/lib/python3.12/site-packages/rest_framework/mixins.py", line 19, in create
    self.perform_create(serializer)
  File "/home/sh1m0n/PycharmProjects/TeamMate/.venv/lib/python3.12/site-packages/djoser/views.py", line 134, in perform_create
    user = serializer.save(*args, **kwargs)
           ^^^^^^^^^^^^^^^^^^^^^^^^^^^^^^^^
  File "/home/sh1m0n/PycharmProjects/TeamMate/.venv/lib/python3.12/site-packages/rest_framework/serializers.py", line 210, in save
    self.instance = self.create(validated_data)
                    ^^^^^^^^^^^^^^^^^^^^^^^^^^^
  File "/home/sh1m0n/PycharmProjects/TeamMate/.venv/lib/python3.12/site-packages/djoser/serializers.py", line 40, in create
    user = self.perform_create(validated_data)
           ^^^^^^^^^^^^^^^^^^^^^^^^^^^^^^^^^^^
  File "/home/sh1m0n/PycharmProjects/TeamMate/.venv/lib/python3.12/site-packages/djoser/serializers.py", line 48, in perform_create
    user = User.objects.create_user(**validated_data)
           ^^^^^^^^^^^^^^^^^^^^^^^^^^^^^^^^^^^^^^^^^^
TypeError: UserManager.create_user() missing 1 required positional argument: 'username'
"POST /api/auth/users/ HTTP/1.1" 500 145
Internal Server Error: /favicon.ico
Traceback (most recent call last):
  File "/home/sh1m0n/PycharmProjects/TeamMate/.venv/lib/python3.12/site-packages/django/template/base.py", line 505, in parse
    compile_func = self.tags[command]
                   ~~~~~~~~~^^^^^^^^^
KeyError: 'static'

During handling of the above exception, another exception occurred:

Traceback (most recent call last):
  File "/home/sh1m0n/PycharmProjects/TeamMate/.venv/lib/python3.12/site-packages/django/core/handlers/exception.py", line 55, in inner
    response = get_response(request)
               ^^^^^^^^^^^^^^^^^^^^^
  File "/home/sh1m0n/PycharmProjects/TeamMate/.venv/lib/python3.12/site-packages/django/core/handlers/base.py", line 220, in _get_response
    response = response.render()
               ^^^^^^^^^^^^^^^^^
  File "/home/sh1m0n/PycharmProjects/TeamMate/.venv/lib/python3.12/site-packages/django/template/response.py", line 114, in render
    self.content = self.rendered_content
                   ^^^^^^^^^^^^^^^^^^^^^
  File "/home/sh1m0n/PycharmProjects/TeamMate/.venv/lib/python3.12/site-packages/django/template/response.py", line 90, in rendered_content
    template = self.resolve_template(self.template_name)
               ^^^^^^^^^^^^^^^^^^^^^^^^^^^^^^^^^^^^^^^^^
  File "/home/sh1m0n/PycharmProjects/TeamMate/.venv/lib/python3.12/site-packages/django/template/response.py", line 72, in resolve_template
    return select_template(template, using=self.using)
           ^^^^^^^^^^^^^^^^^^^^^^^^^^^^^^^^^^^^^^^^^^^
  File "/home/sh1m0n/PycharmProjects/TeamMate/.venv/lib/python3.12/site-packages/django/template/loader.py", line 42, in select_template
    return engine.get_template(template_name)
           ^^^^^^^^^^^^^^^^^^^^^^^^^^^^^^^^^^
  File "/home/sh1m0n/PycharmProjects/TeamMate/.venv/lib/python3.12/site-packages/django/template/backends/django.py", line 33, in get_template
    return Template(self.engine.get_template(template_name), self)
                    ^^^^^^^^^^^^^^^^^^^^^^^^^^^^^^^^^^^^^^^
  File "/home/sh1m0n/PycharmProjects/TeamMate/.venv/lib/python3.12/site-packages/django/template/engine.py", line 175, in get_template
    template, origin = self.find_template(template_name)
                       ^^^^^^^^^^^^^^^^^^^^^^^^^^^^^^^^^
  File "/home/sh1m0n/PycharmProjects/TeamMate/.venv/lib/python3.12/site-packages/django/template/engine.py", line 157, in find_template
    template = loader.get_template(name, skip=skip)
               ^^^^^^^^^^^^^^^^^^^^^^^^^^^^^^^^^^^^
  File "/home/sh1m0n/PycharmProjects/TeamMate/.venv/lib/python3.12/site-packages/django/template/loaders/cached.py", line 57, in get_template
    template = super().get_template(template_name, skip)
               ^^^^^^^^^^^^^^^^^^^^^^^^^^^^^^^^^^^^^^^^^
  File "/home/sh1m0n/PycharmProjects/TeamMate/.venv/lib/python3.12/site-packages/django/template/loaders/base.py", line 28, in get_template
    return Template(
           ^^^^^^^^^
  File "/home/sh1m0n/PycharmProjects/TeamMate/.venv/lib/python3.12/site-packages/django/template/base.py", line 154, in __init__
    self.nodelist = self.compile_nodelist()
                    ^^^^^^^^^^^^^^^^^^^^^^^
  File "/home/sh1m0n/PycharmProjects/TeamMate/.venv/lib/python3.12/site-packages/django/template/base.py", line 200, in compile_nodelist
    return parser.parse()
           ^^^^^^^^^^^^^^
  File "/home/sh1m0n/PycharmProjects/TeamMate/.venv/lib/python3.12/site-packages/django/template/base.py", line 507, in parse
    self.invalid_block_tag(token, command, parse_until)
  File "/home/sh1m0n/PycharmProjects/TeamMate/.venv/lib/python3.12/site-packages/django/template/base.py", line 568, in invalid_block_tag
    raise self.error(
django.template.exceptions.TemplateSyntaxError: Invalid block tag on line 8: 'static'. Did you forget to register or load this tag?
"GET /favicon.ico HTTP/1.1" 500 145
Internal Server Error: /favicon.ico
Traceback (most recent call last):
  File "/home/sh1m0n/PycharmProjects/TeamMate/.venv/lib/python3.12/site-packages/django/template/base.py", line 505, in parse
    compile_func = self.tags[command]
                   ~~~~~~~~~^^^^^^^^^
KeyError: 'static'

During handling of the above exception, another exception occurred:

Traceback (most recent call last):
  File "/home/sh1m0n/PycharmProjects/TeamMate/.venv/lib/python3.12/site-packages/django/core/handlers/exception.py", line 55, in inner
    response = get_response(request)
               ^^^^^^^^^^^^^^^^^^^^^
  File "/home/sh1m0n/PycharmProjects/TeamMate/.venv/lib/python3.12/site-packages/django/core/handlers/base.py", line 220, in _get_response
    response = response.render()
               ^^^^^^^^^^^^^^^^^
  File "/home/sh1m0n/PycharmProjects/TeamMate/.venv/lib/python3.12/site-packages/django/template/response.py", line 114, in render
    self.content = self.rendered_content
                   ^^^^^^^^^^^^^^^^^^^^^
  File "/home/sh1m0n/PycharmProjects/TeamMate/.venv/lib/python3.12/site-packages/django/template/response.py", line 90, in rendered_content
    template = self.resolve_template(self.template_name)
               ^^^^^^^^^^^^^^^^^^^^^^^^^^^^^^^^^^^^^^^^^
  File "/home/sh1m0n/PycharmProjects/TeamMate/.venv/lib/python3.12/site-packages/django/template/response.py", line 72, in resolve_template
    return select_template(template, using=self.using)
           ^^^^^^^^^^^^^^^^^^^^^^^^^^^^^^^^^^^^^^^^^^^
  File "/home/sh1m0n/PycharmProjects/TeamMate/.venv/lib/python3.12/site-packages/django/template/loader.py", line 42, in select_template
    return engine.get_template(template_name)
           ^^^^^^^^^^^^^^^^^^^^^^^^^^^^^^^^^^
  File "/home/sh1m0n/PycharmProjects/TeamMate/.venv/lib/python3.12/site-packages/django/template/backends/django.py", line 33, in get_template
    return Template(self.engine.get_template(template_name), self)
                    ^^^^^^^^^^^^^^^^^^^^^^^^^^^^^^^^^^^^^^^
  File "/home/sh1m0n/PycharmProjects/TeamMate/.venv/lib/python3.12/site-packages/django/template/engine.py", line 175, in get_template
    template, origin = self.find_template(template_name)
                       ^^^^^^^^^^^^^^^^^^^^^^^^^^^^^^^^^
  File "/home/sh1m0n/PycharmProjects/TeamMate/.venv/lib/python3.12/site-packages/django/template/engine.py", line 157, in find_template
    template = loader.get_template(name, skip=skip)
               ^^^^^^^^^^^^^^^^^^^^^^^^^^^^^^^^^^^^
  File "/home/sh1m0n/PycharmProjects/TeamMate/.venv/lib/python3.12/site-packages/django/template/loaders/cached.py", line 57, in get_template
    template = super().get_template(template_name, skip)
               ^^^^^^^^^^^^^^^^^^^^^^^^^^^^^^^^^^^^^^^^^
  File "/home/sh1m0n/PycharmProjects/TeamMate/.venv/lib/python3.12/site-packages/django/template/loaders/base.py", line 28, in get_template
    return Template(
           ^^^^^^^^^
  File "/home/sh1m0n/PycharmProjects/TeamMate/.venv/lib/python3.12/site-packages/django/template/base.py", line 154, in __init__
    self.nodelist = self.compile_nodelist()
                    ^^^^^^^^^^^^^^^^^^^^^^^
  File "/home/sh1m0n/PycharmProjects/TeamMate/.venv/lib/python3.12/site-packages/django/template/base.py", line 200, in compile_nodelist
    return parser.parse()
           ^^^^^^^^^^^^^^
  File "/home/sh1m0n/PycharmProjects/TeamMate/.venv/lib/python3.12/site-packages/django/template/base.py", line 507, in parse
    self.invalid_block_tag(token, command, parse_until)
  File "/home/sh1m0n/PycharmProjects/TeamMate/.venv/lib/python3.12/site-packages/django/template/base.py", line 568, in invalid_block_tag
    raise self.error(
django.template.exceptions.TemplateSyntaxError: Invalid block tag on line 8: 'static'. Did you forget to register or load this tag?
"GET /favicon.ico HTTP/1.1" 500 145
Internal Server Error: /favicon.ico
Traceback (most recent call last):
  File "/home/sh1m0n/PycharmProjects/TeamMate/.venv/lib/python3.12/site-packages/django/template/base.py", line 505, in parse
    compile_func = self.tags[command]
                   ~~~~~~~~~^^^^^^^^^
KeyError: 'static'

During handling of the above exception, another exception occurred:

Traceback (most recent call last):
  File "/home/sh1m0n/PycharmProjects/TeamMate/.venv/lib/python3.12/site-packages/django/core/handlers/exception.py", line 55, in inner
    response = get_response(request)
               ^^^^^^^^^^^^^^^^^^^^^
  File "/home/sh1m0n/PycharmProjects/TeamMate/.venv/lib/python3.12/site-packages/django/core/handlers/base.py", line 220, in _get_response
    response = response.render()
               ^^^^^^^^^^^^^^^^^
  File "/home/sh1m0n/PycharmProjects/TeamMate/.venv/lib/python3.12/site-packages/django/template/response.py", line 114, in render
    self.content = self.rendered_content
                   ^^^^^^^^^^^^^^^^^^^^^
  File "/home/sh1m0n/PycharmProjects/TeamMate/.venv/lib/python3.12/site-packages/django/template/response.py", line 90, in rendered_content
    template = self.resolve_template(self.template_name)
               ^^^^^^^^^^^^^^^^^^^^^^^^^^^^^^^^^^^^^^^^^
  File "/home/sh1m0n/PycharmProjects/TeamMate/.venv/lib/python3.12/site-packages/django/template/response.py", line 72, in resolve_template
    return select_template(template, using=self.using)
           ^^^^^^^^^^^^^^^^^^^^^^^^^^^^^^^^^^^^^^^^^^^
  File "/home/sh1m0n/PycharmProjects/TeamMate/.venv/lib/python3.12/site-packages/django/template/loader.py", line 42, in select_template
    return engine.get_template(template_name)
           ^^^^^^^^^^^^^^^^^^^^^^^^^^^^^^^^^^
  File "/home/sh1m0n/PycharmProjects/TeamMate/.venv/lib/python3.12/site-packages/django/template/backends/django.py", line 33, in get_template
    return Template(self.engine.get_template(template_name), self)
                    ^^^^^^^^^^^^^^^^^^^^^^^^^^^^^^^^^^^^^^^
  File "/home/sh1m0n/PycharmProjects/TeamMate/.venv/lib/python3.12/site-packages/django/template/engine.py", line 175, in get_template
    template, origin = self.find_template(template_name)
                       ^^^^^^^^^^^^^^^^^^^^^^^^^^^^^^^^^
  File "/home/sh1m0n/PycharmProjects/TeamMate/.venv/lib/python3.12/site-packages/django/template/engine.py", line 157, in find_template
    template = loader.get_template(name, skip=skip)
               ^^^^^^^^^^^^^^^^^^^^^^^^^^^^^^^^^^^^
  File "/home/sh1m0n/PycharmProjects/TeamMate/.venv/lib/python3.12/site-packages/django/template/loaders/cached.py", line 57, in get_template
    template = super().get_template(template_name, skip)
               ^^^^^^^^^^^^^^^^^^^^^^^^^^^^^^^^^^^^^^^^^
  File "/home/sh1m0n/PycharmProjects/TeamMate/.venv/lib/python3.12/site-packages/django/template/loaders/base.py", line 28, in get_template
    return Template(
           ^^^^^^^^^
  File "/home/sh1m0n/PycharmProjects/TeamMate/.venv/lib/python3.12/site-packages/django/template/base.py", line 154, in __init__
    self.nodelist = self.compile_nodelist()
                    ^^^^^^^^^^^^^^^^^^^^^^^
  File "/home/sh1m0n/PycharmProjects/TeamMate/.venv/lib/python3.12/site-packages/django/template/base.py", line 200, in compile_nodelist
    return parser.parse()
           ^^^^^^^^^^^^^^
  File "/home/sh1m0n/PycharmProjects/TeamMate/.venv/lib/python3.12/site-packages/django/template/base.py", line 507, in parse
    self.invalid_block_tag(token, command, parse_until)
  File "/home/sh1m0n/PycharmProjects/TeamMate/.venv/lib/python3.12/site-packages/django/template/base.py", line 568, in invalid_block_tag
    raise self.error(
django.template.exceptions.TemplateSyntaxError: Invalid block tag on line 8: 'static'. Did you forget to register or load this tag?
"GET /favicon.ico HTTP/1.1" 500 145
Internal Server Error: /favicon.ico
Traceback (most recent call last):
  File "/home/sh1m0n/PycharmProjects/TeamMate/.venv/lib/python3.12/site-packages/django/template/base.py", line 505, in parse
    compile_func = self.tags[command]
                   ~~~~~~~~~^^^^^^^^^
KeyError: 'static'

During handling of the above exception, another exception occurred:

Traceback (most recent call last):
  File "/home/sh1m0n/PycharmProjects/TeamMate/.venv/lib/python3.12/site-packages/django/core/handlers/exception.py", line 55, in inner
    response = get_response(request)
               ^^^^^^^^^^^^^^^^^^^^^
  File "/home/sh1m0n/PycharmProjects/TeamMate/.venv/lib/python3.12/site-packages/django/core/handlers/base.py", line 220, in _get_response
    response = response.render()
               ^^^^^^^^^^^^^^^^^
  File "/home/sh1m0n/PycharmProjects/TeamMate/.venv/lib/python3.12/site-packages/django/template/response.py", line 114, in render
    self.content = self.rendered_content
                   ^^^^^^^^^^^^^^^^^^^^^
  File "/home/sh1m0n/PycharmProjects/TeamMate/.venv/lib/python3.12/site-packages/django/template/response.py", line 90, in rendered_content
    template = self.resolve_template(self.template_name)
               ^^^^^^^^^^^^^^^^^^^^^^^^^^^^^^^^^^^^^^^^^
  File "/home/sh1m0n/PycharmProjects/TeamMate/.venv/lib/python3.12/site-packages/django/template/response.py", line 72, in resolve_template
    return select_template(template, using=self.using)
           ^^^^^^^^^^^^^^^^^^^^^^^^^^^^^^^^^^^^^^^^^^^
  File "/home/sh1m0n/PycharmProjects/TeamMate/.venv/lib/python3.12/site-packages/django/template/loader.py", line 42, in select_template
    return engine.get_template(template_name)
           ^^^^^^^^^^^^^^^^^^^^^^^^^^^^^^^^^^
  File "/home/sh1m0n/PycharmProjects/TeamMate/.venv/lib/python3.12/site-packages/django/template/backends/django.py", line 33, in get_template
    return Template(self.engine.get_template(template_name), self)
                    ^^^^^^^^^^^^^^^^^^^^^^^^^^^^^^^^^^^^^^^
  File "/home/sh1m0n/PycharmProjects/TeamMate/.venv/lib/python3.12/site-packages/django/template/engine.py", line 175, in get_template
    template, origin = self.find_template(template_name)
                       ^^^^^^^^^^^^^^^^^^^^^^^^^^^^^^^^^
  File "/home/sh1m0n/PycharmProjects/TeamMate/.venv/lib/python3.12/site-packages/django/template/engine.py", line 157, in find_template
    template = loader.get_template(name, skip=skip)
               ^^^^^^^^^^^^^^^^^^^^^^^^^^^^^^^^^^^^
  File "/home/sh1m0n/PycharmProjects/TeamMate/.venv/lib/python3.12/site-packages/django/template/loaders/cached.py", line 57, in get_template
    template = super().get_template(template_name, skip)
               ^^^^^^^^^^^^^^^^^^^^^^^^^^^^^^^^^^^^^^^^^
  File "/home/sh1m0n/PycharmProjects/TeamMate/.venv/lib/python3.12/site-packages/django/template/loaders/base.py", line 28, in get_template
    return Template(
           ^^^^^^^^^
  File "/home/sh1m0n/PycharmProjects/TeamMate/.venv/lib/python3.12/site-packages/django/template/base.py", line 154, in __init__
    self.nodelist = self.compile_nodelist()
                    ^^^^^^^^^^^^^^^^^^^^^^^
  File "/home/sh1m0n/PycharmProjects/TeamMate/.venv/lib/python3.12/site-packages/django/template/base.py", line 200, in compile_nodelist
    return parser.parse()
           ^^^^^^^^^^^^^^
  File "/home/sh1m0n/PycharmProjects/TeamMate/.venv/lib/python3.12/site-packages/django/template/base.py", line 507, in parse
    self.invalid_block_tag(token, command, parse_until)
  File "/home/sh1m0n/PycharmProjects/TeamMate/.venv/lib/python3.12/site-packages/django/template/base.py", line 568, in invalid_block_tag
    raise self.error(
django.template.exceptions.TemplateSyntaxError: Invalid block tag on line 8: 'static'. Did you forget to register or load this tag?
"GET /favicon.ico HTTP/1.1" 500 145
Internal Server Error: /favicon.ico
Traceback (most recent call last):
  File "/home/sh1m0n/PycharmProjects/TeamMate/.venv/lib/python3.12/site-packages/django/template/base.py", line 505, in parse
    compile_func = self.tags[command]
                   ~~~~~~~~~^^^^^^^^^
KeyError: 'static'

During handling of the above exception, another exception occurred:

Traceback (most recent call last):
  File "/home/sh1m0n/PycharmProjects/TeamMate/.venv/lib/python3.12/site-packages/django/core/handlers/exception.py", line 55, in inner
    response = get_response(request)
               ^^^^^^^^^^^^^^^^^^^^^
  File "/home/sh1m0n/PycharmProjects/TeamMate/.venv/lib/python3.12/site-packages/django/core/handlers/base.py", line 220, in _get_response
    response = response.render()
               ^^^^^^^^^^^^^^^^^
  File "/home/sh1m0n/PycharmProjects/TeamMate/.venv/lib/python3.12/site-packages/django/template/response.py", line 114, in render
    self.content = self.rendered_content
                   ^^^^^^^^^^^^^^^^^^^^^
  File "/home/sh1m0n/PycharmProjects/TeamMate/.venv/lib/python3.12/site-packages/django/template/response.py", line 90, in rendered_content
    template = self.resolve_template(self.template_name)
               ^^^^^^^^^^^^^^^^^^^^^^^^^^^^^^^^^^^^^^^^^
  File "/home/sh1m0n/PycharmProjects/TeamMate/.venv/lib/python3.12/site-packages/django/template/response.py", line 72, in resolve_template
    return select_template(template, using=self.using)
           ^^^^^^^^^^^^^^^^^^^^^^^^^^^^^^^^^^^^^^^^^^^
  File "/home/sh1m0n/PycharmProjects/TeamMate/.venv/lib/python3.12/site-packages/django/template/loader.py", line 42, in select_template
    return engine.get_template(template_name)
           ^^^^^^^^^^^^^^^^^^^^^^^^^^^^^^^^^^
  File "/home/sh1m0n/PycharmProjects/TeamMate/.venv/lib/python3.12/site-packages/django/template/backends/django.py", line 33, in get_template
    return Template(self.engine.get_template(template_name), self)
                    ^^^^^^^^^^^^^^^^^^^^^^^^^^^^^^^^^^^^^^^
  File "/home/sh1m0n/PycharmProjects/TeamMate/.venv/lib/python3.12/site-packages/django/template/engine.py", line 175, in get_template
    template, origin = self.find_template(template_name)
                       ^^^^^^^^^^^^^^^^^^^^^^^^^^^^^^^^^
  File "/home/sh1m0n/PycharmProjects/TeamMate/.venv/lib/python3.12/site-packages/django/template/engine.py", line 157, in find_template
    template = loader.get_template(name, skip=skip)
               ^^^^^^^^^^^^^^^^^^^^^^^^^^^^^^^^^^^^
  File "/home/sh1m0n/PycharmProjects/TeamMate/.venv/lib/python3.12/site-packages/django/template/loaders/cached.py", line 57, in get_template
    template = super().get_template(template_name, skip)
               ^^^^^^^^^^^^^^^^^^^^^^^^^^^^^^^^^^^^^^^^^
  File "/home/sh1m0n/PycharmProjects/TeamMate/.venv/lib/python3.12/site-packages/django/template/loaders/base.py", line 28, in get_template
    return Template(
           ^^^^^^^^^
  File "/home/sh1m0n/PycharmProjects/TeamMate/.venv/lib/python3.12/site-packages/django/template/base.py", line 154, in __init__
    self.nodelist = self.compile_nodelist()
                    ^^^^^^^^^^^^^^^^^^^^^^^
  File "/home/sh1m0n/PycharmProjects/TeamMate/.venv/lib/python3.12/site-packages/django/template/base.py", line 200, in compile_nodelist
    return parser.parse()
           ^^^^^^^^^^^^^^
  File "/home/sh1m0n/PycharmProjects/TeamMate/.venv/lib/python3.12/site-packages/django/template/base.py", line 507, in parse
    self.invalid_block_tag(token, command, parse_until)
  File "/home/sh1m0n/PycharmProjects/TeamMate/.venv/lib/python3.12/site-packages/django/template/base.py", line 568, in invalid_block_tag
    raise self.error(
django.template.exceptions.TemplateSyntaxError: Invalid block tag on line 8: 'static'. Did you forget to register or load this tag?
"GET /favicon.ico HTTP/1.1" 500 145
Internal Server Error: /favicon.ico
Traceback (most recent call last):
  File "/home/sh1m0n/PycharmProjects/TeamMate/.venv/lib/python3.12/site-packages/django/template/base.py", line 505, in parse
    compile_func = self.tags[command]
                   ~~~~~~~~~^^^^^^^^^
KeyError: 'static'

During handling of the above exception, another exception occurred:

Traceback (most recent call last):
  File "/home/sh1m0n/PycharmProjects/TeamMate/.venv/lib/python3.12/site-packages/django/core/handlers/exception.py", line 55, in inner
    response = get_response(request)
               ^^^^^^^^^^^^^^^^^^^^^
  File "/home/sh1m0n/PycharmProjects/TeamMate/.venv/lib/python3.12/site-packages/django/core/handlers/base.py", line 220, in _get_response
    response = response.render()
               ^^^^^^^^^^^^^^^^^
  File "/home/sh1m0n/PycharmProjects/TeamMate/.venv/lib/python3.12/site-packages/django/template/response.py", line 114, in render
    self.content = self.rendered_content
                   ^^^^^^^^^^^^^^^^^^^^^
  File "/home/sh1m0n/PycharmProjects/TeamMate/.venv/lib/python3.12/site-packages/django/template/response.py", line 90, in rendered_content
    template = self.resolve_template(self.template_name)
               ^^^^^^^^^^^^^^^^^^^^^^^^^^^^^^^^^^^^^^^^^
  File "/home/sh1m0n/PycharmProjects/TeamMate/.venv/lib/python3.12/site-packages/django/template/response.py", line 72, in resolve_template
    return select_template(template, using=self.using)
           ^^^^^^^^^^^^^^^^^^^^^^^^^^^^^^^^^^^^^^^^^^^
  File "/home/sh1m0n/PycharmProjects/TeamMate/.venv/lib/python3.12/site-packages/django/template/loader.py", line 42, in select_template
    return engine.get_template(template_name)
           ^^^^^^^^^^^^^^^^^^^^^^^^^^^^^^^^^^
  File "/home/sh1m0n/PycharmProjects/TeamMate/.venv/lib/python3.12/site-packages/django/template/backends/django.py", line 33, in get_template
    return Template(self.engine.get_template(template_name), self)
                    ^^^^^^^^^^^^^^^^^^^^^^^^^^^^^^^^^^^^^^^
  File "/home/sh1m0n/PycharmProjects/TeamMate/.venv/lib/python3.12/site-packages/django/template/engine.py", line 175, in get_template
    template, origin = self.find_template(template_name)
                       ^^^^^^^^^^^^^^^^^^^^^^^^^^^^^^^^^
  File "/home/sh1m0n/PycharmProjects/TeamMate/.venv/lib/python3.12/site-packages/django/template/engine.py", line 157, in find_template
    template = loader.get_template(name, skip=skip)
               ^^^^^^^^^^^^^^^^^^^^^^^^^^^^^^^^^^^^
  File "/home/sh1m0n/PycharmProjects/TeamMate/.venv/lib/python3.12/site-packages/django/template/loaders/cached.py", line 57, in get_template
    template = super().get_template(template_name, skip)
               ^^^^^^^^^^^^^^^^^^^^^^^^^^^^^^^^^^^^^^^^^
  File "/home/sh1m0n/PycharmProjects/TeamMate/.venv/lib/python3.12/site-packages/django/template/loaders/base.py", line 28, in get_template
    return Template(
           ^^^^^^^^^
  File "/home/sh1m0n/PycharmProjects/TeamMate/.venv/lib/python3.12/site-packages/django/template/base.py", line 154, in __init__
    self.nodelist = self.compile_nodelist()
                    ^^^^^^^^^^^^^^^^^^^^^^^
  File "/home/sh1m0n/PycharmProjects/TeamMate/.venv/lib/python3.12/site-packages/django/template/base.py", line 200, in compile_nodelist
    return parser.parse()
           ^^^^^^^^^^^^^^
  File "/home/sh1m0n/PycharmProjects/TeamMate/.venv/lib/python3.12/site-packages/django/template/base.py", line 507, in parse
    self.invalid_block_tag(token, command, parse_until)
  File "/home/sh1m0n/PycharmProjects/TeamMate/.venv/lib/python3.12/site-packages/django/template/base.py", line 568, in invalid_block_tag
    raise self.error(
django.template.exceptions.TemplateSyntaxError: Invalid block tag on line 8: 'static'. Did you forget to register or load this tag?
"GET /favicon.ico HTTP/1.1" 500 145
Internal Server Error: /register
Traceback (most recent call last):
  File "/home/sh1m0n/PycharmProjects/TeamMate/.venv/lib/python3.12/site-packages/django/template/base.py", line 505, in parse
    compile_func = self.tags[command]
                   ~~~~~~~~~^^^^^^^^^
KeyError: 'static'

During handling of the above exception, another exception occurred:

Traceback (most recent call last):
  File "/home/sh1m0n/PycharmProjects/TeamMate/.venv/lib/python3.12/site-packages/django/core/handlers/exception.py", line 55, in inner
    response = get_response(request)
               ^^^^^^^^^^^^^^^^^^^^^
  File "/home/sh1m0n/PycharmProjects/TeamMate/.venv/lib/python3.12/site-packages/django/core/handlers/base.py", line 220, in _get_response
    response = response.render()
               ^^^^^^^^^^^^^^^^^
  File "/home/sh1m0n/PycharmProjects/TeamMate/.venv/lib/python3.12/site-packages/django/template/response.py", line 114, in render
    self.content = self.rendered_content
                   ^^^^^^^^^^^^^^^^^^^^^
  File "/home/sh1m0n/PycharmProjects/TeamMate/.venv/lib/python3.12/site-packages/django/template/response.py", line 90, in rendered_content
    template = self.resolve_template(self.template_name)
               ^^^^^^^^^^^^^^^^^^^^^^^^^^^^^^^^^^^^^^^^^
  File "/home/sh1m0n/PycharmProjects/TeamMate/.venv/lib/python3.12/site-packages/django/template/response.py", line 72, in resolve_template
    return select_template(template, using=self.using)
           ^^^^^^^^^^^^^^^^^^^^^^^^^^^^^^^^^^^^^^^^^^^
  File "/home/sh1m0n/PycharmProjects/TeamMate/.venv/lib/python3.12/site-packages/django/template/loader.py", line 42, in select_template
    return engine.get_template(template_name)
           ^^^^^^^^^^^^^^^^^^^^^^^^^^^^^^^^^^
  File "/home/sh1m0n/PycharmProjects/TeamMate/.venv/lib/python3.12/site-packages/django/template/backends/django.py", line 33, in get_template
    return Template(self.engine.get_template(template_name), self)
                    ^^^^^^^^^^^^^^^^^^^^^^^^^^^^^^^^^^^^^^^
  File "/home/sh1m0n/PycharmProjects/TeamMate/.venv/lib/python3.12/site-packages/django/template/engine.py", line 175, in get_template
    template, origin = self.find_template(template_name)
                       ^^^^^^^^^^^^^^^^^^^^^^^^^^^^^^^^^
  File "/home/sh1m0n/PycharmProjects/TeamMate/.venv/lib/python3.12/site-packages/django/template/engine.py", line 157, in find_template
    template = loader.get_template(name, skip=skip)
               ^^^^^^^^^^^^^^^^^^^^^^^^^^^^^^^^^^^^
  File "/home/sh1m0n/PycharmProjects/TeamMate/.venv/lib/python3.12/site-packages/django/template/loaders/cached.py", line 57, in get_template
    template = super().get_template(template_name, skip)
               ^^^^^^^^^^^^^^^^^^^^^^^^^^^^^^^^^^^^^^^^^
  File "/home/sh1m0n/PycharmProjects/TeamMate/.venv/lib/python3.12/site-packages/django/template/loaders/base.py", line 28, in get_template
    return Template(
           ^^^^^^^^^
  File "/home/sh1m0n/PycharmProjects/TeamMate/.venv/lib/python3.12/site-packages/django/template/base.py", line 154, in __init__
    self.nodelist = self.compile_nodelist()
                    ^^^^^^^^^^^^^^^^^^^^^^^
  File "/home/sh1m0n/PycharmProjects/TeamMate/.venv/lib/python3.12/site-packages/django/template/base.py", line 200, in compile_nodelist
    return parser.parse()
           ^^^^^^^^^^^^^^
  File "/home/sh1m0n/PycharmProjects/TeamMate/.venv/lib/python3.12/site-packages/django/template/base.py", line 507, in parse
    self.invalid_block_tag(token, command, parse_until)
  File "/home/sh1m0n/PycharmProjects/TeamMate/.venv/lib/python3.12/site-packages/django/template/base.py", line 568, in invalid_block_tag
    raise self.error(
django.template.exceptions.TemplateSyntaxError: Invalid block tag on line 8: 'static'. Did you forget to register or load this tag?
"GET /register HTTP/1.1" 500 145
Internal Server Error: /register
Traceback (most recent call last):
  File "/home/sh1m0n/PycharmProjects/TeamMate/.venv/lib/python3.12/site-packages/django/template/base.py", line 505, in parse
    compile_func = self.tags[command]
                   ~~~~~~~~~^^^^^^^^^
KeyError: 'static'

During handling of the above exception, another exception occurred:

Traceback (most recent call last):
  File "/home/sh1m0n/PycharmProjects/TeamMate/.venv/lib/python3.12/site-packages/django/core/handlers/exception.py", line 55, in inner
    response = get_response(request)
               ^^^^^^^^^^^^^^^^^^^^^
  File "/home/sh1m0n/PycharmProjects/TeamMate/.venv/lib/python3.12/site-packages/django/core/handlers/base.py", line 220, in _get_response
    response = response.render()
               ^^^^^^^^^^^^^^^^^
  File "/home/sh1m0n/PycharmProjects/TeamMate/.venv/lib/python3.12/site-packages/django/template/response.py", line 114, in render
    self.content = self.rendered_content
                   ^^^^^^^^^^^^^^^^^^^^^
  File "/home/sh1m0n/PycharmProjects/TeamMate/.venv/lib/python3.12/site-packages/django/template/response.py", line 90, in rendered_content
    template = self.resolve_template(self.template_name)
               ^^^^^^^^^^^^^^^^^^^^^^^^^^^^^^^^^^^^^^^^^
  File "/home/sh1m0n/PycharmProjects/TeamMate/.venv/lib/python3.12/site-packages/django/template/response.py", line 72, in resolve_template
    return select_template(template, using=self.using)
           ^^^^^^^^^^^^^^^^^^^^^^^^^^^^^^^^^^^^^^^^^^^
  File "/home/sh1m0n/PycharmProjects/TeamMate/.venv/lib/python3.12/site-packages/django/template/loader.py", line 42, in select_template
    return engine.get_template(template_name)
           ^^^^^^^^^^^^^^^^^^^^^^^^^^^^^^^^^^
  File "/home/sh1m0n/PycharmProjects/TeamMate/.venv/lib/python3.12/site-packages/django/template/backends/django.py", line 33, in get_template
    return Template(self.engine.get_template(template_name), self)
                    ^^^^^^^^^^^^^^^^^^^^^^^^^^^^^^^^^^^^^^^
  File "/home/sh1m0n/PycharmProjects/TeamMate/.venv/lib/python3.12/site-packages/django/template/engine.py", line 175, in get_template
    template, origin = self.find_template(template_name)
                       ^^^^^^^^^^^^^^^^^^^^^^^^^^^^^^^^^
  File "/home/sh1m0n/PycharmProjects/TeamMate/.venv/lib/python3.12/site-packages/django/template/engine.py", line 157, in find_template
    template = loader.get_template(name, skip=skip)
               ^^^^^^^^^^^^^^^^^^^^^^^^^^^^^^^^^^^^
  File "/home/sh1m0n/PycharmProjects/TeamMate/.venv/lib/python3.12/site-packages/django/template/loaders/cached.py", line 57, in get_template
    template = super().get_template(template_name, skip)
               ^^^^^^^^^^^^^^^^^^^^^^^^^^^^^^^^^^^^^^^^^
  File "/home/sh1m0n/PycharmProjects/TeamMate/.venv/lib/python3.12/site-packages/django/template/loaders/base.py", line 28, in get_template
    return Template(
           ^^^^^^^^^
  File "/home/sh1m0n/PycharmProjects/TeamMate/.venv/lib/python3.12/site-packages/django/template/base.py", line 154, in __init__
    self.nodelist = self.compile_nodelist()
                    ^^^^^^^^^^^^^^^^^^^^^^^
  File "/home/sh1m0n/PycharmProjects/TeamMate/.venv/lib/python3.12/site-packages/django/template/base.py", line 200, in compile_nodelist
    return parser.parse()
           ^^^^^^^^^^^^^^
  File "/home/sh1m0n/PycharmProjects/TeamMate/.venv/lib/python3.12/site-packages/django/template/base.py", line 507, in parse
    self.invalid_block_tag(token, command, parse_until)
  File "/home/sh1m0n/PycharmProjects/TeamMate/.venv/lib/python3.12/site-packages/django/template/base.py", line 568, in invalid_block_tag
    raise self.error(
django.template.exceptions.TemplateSyntaxError: Invalid block tag on line 8: 'static'. Did you forget to register or load this tag?
"GET /register HTTP/1.1" 500 145
Internal Server Error: /favicon.ico
Traceback (most recent call last):
  File "/home/sh1m0n/PycharmProjects/TeamMate/.venv/lib/python3.12/site-packages/django/template/base.py", line 505, in parse
    compile_func = self.tags[command]
                   ~~~~~~~~~^^^^^^^^^
KeyError: 'static'

During handling of the above exception, another exception occurred:

Traceback (most recent call last):
  File "/home/sh1m0n/PycharmProjects/TeamMate/.venv/lib/python3.12/site-packages/django/core/handlers/exception.py", line 55, in inner
    response = get_response(request)
               ^^^^^^^^^^^^^^^^^^^^^
  File "/home/sh1m0n/PycharmProjects/TeamMate/.venv/lib/python3.12/site-packages/django/core/handlers/base.py", line 220, in _get_response
    response = response.render()
               ^^^^^^^^^^^^^^^^^
  File "/home/sh1m0n/PycharmProjects/TeamMate/.venv/lib/python3.12/site-packages/django/template/response.py", line 114, in render
    self.content = self.rendered_content
                   ^^^^^^^^^^^^^^^^^^^^^
  File "/home/sh1m0n/PycharmProjects/TeamMate/.venv/lib/python3.12/site-packages/django/template/response.py", line 90, in rendered_content
    template = self.resolve_template(self.template_name)
               ^^^^^^^^^^^^^^^^^^^^^^^^^^^^^^^^^^^^^^^^^
  File "/home/sh1m0n/PycharmProjects/TeamMate/.venv/lib/python3.12/site-packages/django/template/response.py", line 72, in resolve_template
    return select_template(template, using=self.using)
           ^^^^^^^^^^^^^^^^^^^^^^^^^^^^^^^^^^^^^^^^^^^
  File "/home/sh1m0n/PycharmProjects/TeamMate/.venv/lib/python3.12/site-packages/django/template/loader.py", line 42, in select_template
    return engine.get_template(template_name)
           ^^^^^^^^^^^^^^^^^^^^^^^^^^^^^^^^^^
  File "/home/sh1m0n/PycharmProjects/TeamMate/.venv/lib/python3.12/site-packages/django/template/backends/django.py", line 33, in get_template
    return Template(self.engine.get_template(template_name), self)
                    ^^^^^^^^^^^^^^^^^^^^^^^^^^^^^^^^^^^^^^^
  File "/home/sh1m0n/PycharmProjects/TeamMate/.venv/lib/python3.12/site-packages/django/template/engine.py", line 175, in get_template
    template, origin = self.find_template(template_name)
                       ^^^^^^^^^^^^^^^^^^^^^^^^^^^^^^^^^
  File "/home/sh1m0n/PycharmProjects/TeamMate/.venv/lib/python3.12/site-packages/django/template/engine.py", line 157, in find_template
    template = loader.get_template(name, skip=skip)
               ^^^^^^^^^^^^^^^^^^^^^^^^^^^^^^^^^^^^
  File "/home/sh1m0n/PycharmProjects/TeamMate/.venv/lib/python3.12/site-packages/django/template/loaders/cached.py", line 57, in get_template
    template = super().get_template(template_name, skip)
               ^^^^^^^^^^^^^^^^^^^^^^^^^^^^^^^^^^^^^^^^^
  File "/home/sh1m0n/PycharmProjects/TeamMate/.venv/lib/python3.12/site-packages/django/template/loaders/base.py", line 28, in get_template
    return Template(
           ^^^^^^^^^
  File "/home/sh1m0n/PycharmProjects/TeamMate/.venv/lib/python3.12/site-packages/django/template/base.py", line 154, in __init__
    self.nodelist = self.compile_nodelist()
                    ^^^^^^^^^^^^^^^^^^^^^^^
  File "/home/sh1m0n/PycharmProjects/TeamMate/.venv/lib/python3.12/site-packages/django/template/base.py", line 200, in compile_nodelist
    return parser.parse()
           ^^^^^^^^^^^^^^
  File "/home/sh1m0n/PycharmProjects/TeamMate/.venv/lib/python3.12/site-packages/django/template/base.py", line 507, in parse
    self.invalid_block_tag(token, command, parse_until)
  File "/home/sh1m0n/PycharmProjects/TeamMate/.venv/lib/python3.12/site-packages/django/template/base.py", line 568, in invalid_block_tag
    raise self.error(
django.template.exceptions.TemplateSyntaxError: Invalid block tag on line 8: 'static'. Did you forget to register or load this tag?
"GET /favicon.ico HTTP/1.1" 500 145
Internal Server Error: /register
Traceback (most recent call last):
  File "/home/sh1m0n/PycharmProjects/TeamMate/.venv/lib/python3.12/site-packages/django/template/base.py", line 505, in parse
    compile_func = self.tags[command]
                   ~~~~~~~~~^^^^^^^^^
KeyError: 'static'

During handling of the above exception, another exception occurred:

Traceback (most recent call last):
  File "/home/sh1m0n/PycharmProjects/TeamMate/.venv/lib/python3.12/site-packages/django/core/handlers/exception.py", line 55, in inner
    response = get_response(request)
               ^^^^^^^^^^^^^^^^^^^^^
  File "/home/sh1m0n/PycharmProjects/TeamMate/.venv/lib/python3.12/site-packages/django/core/handlers/base.py", line 220, in _get_response
    response = response.render()
               ^^^^^^^^^^^^^^^^^
  File "/home/sh1m0n/PycharmProjects/TeamMate/.venv/lib/python3.12/site-packages/django/template/response.py", line 114, in render
    self.content = self.rendered_content
                   ^^^^^^^^^^^^^^^^^^^^^
  File "/home/sh1m0n/PycharmProjects/TeamMate/.venv/lib/python3.12/site-packages/django/template/response.py", line 90, in rendered_content
    template = self.resolve_template(self.template_name)
               ^^^^^^^^^^^^^^^^^^^^^^^^^^^^^^^^^^^^^^^^^
  File "/home/sh1m0n/PycharmProjects/TeamMate/.venv/lib/python3.12/site-packages/django/template/response.py", line 72, in resolve_template
    return select_template(template, using=self.using)
           ^^^^^^^^^^^^^^^^^^^^^^^^^^^^^^^^^^^^^^^^^^^
  File "/home/sh1m0n/PycharmProjects/TeamMate/.venv/lib/python3.12/site-packages/django/template/loader.py", line 42, in select_template
    return engine.get_template(template_name)
           ^^^^^^^^^^^^^^^^^^^^^^^^^^^^^^^^^^
  File "/home/sh1m0n/PycharmProjects/TeamMate/.venv/lib/python3.12/site-packages/django/template/backends/django.py", line 33, in get_template
    return Template(self.engine.get_template(template_name), self)
                    ^^^^^^^^^^^^^^^^^^^^^^^^^^^^^^^^^^^^^^^
  File "/home/sh1m0n/PycharmProjects/TeamMate/.venv/lib/python3.12/site-packages/django/template/engine.py", line 175, in get_template
    template, origin = self.find_template(template_name)
                       ^^^^^^^^^^^^^^^^^^^^^^^^^^^^^^^^^
  File "/home/sh1m0n/PycharmProjects/TeamMate/.venv/lib/python3.12/site-packages/django/template/engine.py", line 157, in find_template
    template = loader.get_template(name, skip=skip)
               ^^^^^^^^^^^^^^^^^^^^^^^^^^^^^^^^^^^^
  File "/home/sh1m0n/PycharmProjects/TeamMate/.venv/lib/python3.12/site-packages/django/template/loaders/cached.py", line 57, in get_template
    template = super().get_template(template_name, skip)
               ^^^^^^^^^^^^^^^^^^^^^^^^^^^^^^^^^^^^^^^^^
  File "/home/sh1m0n/PycharmProjects/TeamMate/.venv/lib/python3.12/site-packages/django/template/loaders/base.py", line 28, in get_template
    return Template(
           ^^^^^^^^^
  File "/home/sh1m0n/PycharmProjects/TeamMate/.venv/lib/python3.12/site-packages/django/template/base.py", line 154, in __init__
    self.nodelist = self.compile_nodelist()
                    ^^^^^^^^^^^^^^^^^^^^^^^
  File "/home/sh1m0n/PycharmProjects/TeamMate/.venv/lib/python3.12/site-packages/django/template/base.py", line 200, in compile_nodelist
    return parser.parse()
           ^^^^^^^^^^^^^^
  File "/home/sh1m0n/PycharmProjects/TeamMate/.venv/lib/python3.12/site-packages/django/template/base.py", line 507, in parse
    self.invalid_block_tag(token, command, parse_until)
  File "/home/sh1m0n/PycharmProjects/TeamMate/.venv/lib/python3.12/site-packages/django/template/base.py", line 568, in invalid_block_tag
    raise self.error(
django.template.exceptions.TemplateSyntaxError: Invalid block tag on line 8: 'static'. Did you forget to register or load this tag?
"GET /register HTTP/1.1" 500 145
Internal Server Error: /favicon.ico
Traceback (most recent call last):
  File "/home/sh1m0n/PycharmProjects/TeamMate/.venv/lib/python3.12/site-packages/django/template/base.py", line 505, in parse
    compile_func = self.tags[command]
                   ~~~~~~~~~^^^^^^^^^
KeyError: 'static'

During handling of the above exception, another exception occurred:

Traceback (most recent call last):
  File "/home/sh1m0n/PycharmProjects/TeamMate/.venv/lib/python3.12/site-packages/django/core/handlers/exception.py", line 55, in inner
    response = get_response(request)
               ^^^^^^^^^^^^^^^^^^^^^
  File "/home/sh1m0n/PycharmProjects/TeamMate/.venv/lib/python3.12/site-packages/django/core/handlers/base.py", line 220, in _get_response
    response = response.render()
               ^^^^^^^^^^^^^^^^^
  File "/home/sh1m0n/PycharmProjects/TeamMate/.venv/lib/python3.12/site-packages/django/template/response.py", line 114, in render
    self.content = self.rendered_content
                   ^^^^^^^^^^^^^^^^^^^^^
  File "/home/sh1m0n/PycharmProjects/TeamMate/.venv/lib/python3.12/site-packages/django/template/response.py", line 90, in rendered_content
    template = self.resolve_template(self.template_name)
               ^^^^^^^^^^^^^^^^^^^^^^^^^^^^^^^^^^^^^^^^^
  File "/home/sh1m0n/PycharmProjects/TeamMate/.venv/lib/python3.12/site-packages/django/template/response.py", line 72, in resolve_template
    return select_template(template, using=self.using)
           ^^^^^^^^^^^^^^^^^^^^^^^^^^^^^^^^^^^^^^^^^^^
  File "/home/sh1m0n/PycharmProjects/TeamMate/.venv/lib/python3.12/site-packages/django/template/loader.py", line 42, in select_template
    return engine.get_template(template_name)
           ^^^^^^^^^^^^^^^^^^^^^^^^^^^^^^^^^^
  File "/home/sh1m0n/PycharmProjects/TeamMate/.venv/lib/python3.12/site-packages/django/template/backends/django.py", line 33, in get_template
    return Template(self.engine.get_template(template_name), self)
                    ^^^^^^^^^^^^^^^^^^^^^^^^^^^^^^^^^^^^^^^
  File "/home/sh1m0n/PycharmProjects/TeamMate/.venv/lib/python3.12/site-packages/django/template/engine.py", line 175, in get_template
    template, origin = self.find_template(template_name)
                       ^^^^^^^^^^^^^^^^^^^^^^^^^^^^^^^^^
  File "/home/sh1m0n/PycharmProjects/TeamMate/.venv/lib/python3.12/site-packages/django/template/engine.py", line 157, in find_template
    template = loader.get_template(name, skip=skip)
               ^^^^^^^^^^^^^^^^^^^^^^^^^^^^^^^^^^^^
  File "/home/sh1m0n/PycharmProjects/TeamMate/.venv/lib/python3.12/site-packages/django/template/loaders/cached.py", line 57, in get_template
    template = super().get_template(template_name, skip)
               ^^^^^^^^^^^^^^^^^^^^^^^^^^^^^^^^^^^^^^^^^
  File "/home/sh1m0n/PycharmProjects/TeamMate/.venv/lib/python3.12/site-packages/django/template/loaders/base.py", line 28, in get_template
    return Template(
           ^^^^^^^^^
  File "/home/sh1m0n/PycharmProjects/TeamMate/.venv/lib/python3.12/site-packages/django/template/base.py", line 154, in __init__
    self.nodelist = self.compile_nodelist()
                    ^^^^^^^^^^^^^^^^^^^^^^^
  File "/home/sh1m0n/PycharmProjects/TeamMate/.venv/lib/python3.12/site-packages/django/template/base.py", line 200, in compile_nodelist
    return parser.parse()
           ^^^^^^^^^^^^^^
  File "/home/sh1m0n/PycharmProjects/TeamMate/.venv/lib/python3.12/site-packages/django/template/base.py", line 507, in parse
    self.invalid_block_tag(token, command, parse_until)
  File "/home/sh1m0n/PycharmProjects/TeamMate/.venv/lib/python3.12/site-packages/django/template/base.py", line 568, in invalid_block_tag
    raise self.error(
django.template.exceptions.TemplateSyntaxError: Invalid block tag on line 8: 'static'. Did you forget to register or load this tag?
"GET /favicon.ico HTTP/1.1" 500 145
Internal Server Error: /register
Traceback (most recent call last):
  File "/home/sh1m0n/PycharmProjects/TeamMate/.venv/lib/python3.12/site-packages/django/template/base.py", line 505, in parse
    compile_func = self.tags[command]
                   ~~~~~~~~~^^^^^^^^^
KeyError: 'static'

During handling of the above exception, another exception occurred:

Traceback (most recent call last):
  File "/home/sh1m0n/PycharmProjects/TeamMate/.venv/lib/python3.12/site-packages/django/core/handlers/exception.py", line 55, in inner
    response = get_response(request)
               ^^^^^^^^^^^^^^^^^^^^^
  File "/home/sh1m0n/PycharmProjects/TeamMate/.venv/lib/python3.12/site-packages/django/core/handlers/base.py", line 220, in _get_response
    response = response.render()
               ^^^^^^^^^^^^^^^^^
  File "/home/sh1m0n/PycharmProjects/TeamMate/.venv/lib/python3.12/site-packages/django/template/response.py", line 114, in render
    self.content = self.rendered_content
                   ^^^^^^^^^^^^^^^^^^^^^
  File "/home/sh1m0n/PycharmProjects/TeamMate/.venv/lib/python3.12/site-packages/django/template/response.py", line 90, in rendered_content
    template = self.resolve_template(self.template_name)
               ^^^^^^^^^^^^^^^^^^^^^^^^^^^^^^^^^^^^^^^^^
  File "/home/sh1m0n/PycharmProjects/TeamMate/.venv/lib/python3.12/site-packages/django/template/response.py", line 72, in resolve_template
    return select_template(template, using=self.using)
           ^^^^^^^^^^^^^^^^^^^^^^^^^^^^^^^^^^^^^^^^^^^
  File "/home/sh1m0n/PycharmProjects/TeamMate/.venv/lib/python3.12/site-packages/django/template/loader.py", line 42, in select_template
    return engine.get_template(template_name)
           ^^^^^^^^^^^^^^^^^^^^^^^^^^^^^^^^^^
  File "/home/sh1m0n/PycharmProjects/TeamMate/.venv/lib/python3.12/site-packages/django/template/backends/django.py", line 33, in get_template
    return Template(self.engine.get_template(template_name), self)
                    ^^^^^^^^^^^^^^^^^^^^^^^^^^^^^^^^^^^^^^^
  File "/home/sh1m0n/PycharmProjects/TeamMate/.venv/lib/python3.12/site-packages/django/template/engine.py", line 175, in get_template
    template, origin = self.find_template(template_name)
                       ^^^^^^^^^^^^^^^^^^^^^^^^^^^^^^^^^
  File "/home/sh1m0n/PycharmProjects/TeamMate/.venv/lib/python3.12/site-packages/django/template/engine.py", line 157, in find_template
    template = loader.get_template(name, skip=skip)
               ^^^^^^^^^^^^^^^^^^^^^^^^^^^^^^^^^^^^
  File "/home/sh1m0n/PycharmProjects/TeamMate/.venv/lib/python3.12/site-packages/django/template/loaders/cached.py", line 57, in get_template
    template = super().get_template(template_name, skip)
               ^^^^^^^^^^^^^^^^^^^^^^^^^^^^^^^^^^^^^^^^^
  File "/home/sh1m0n/PycharmProjects/TeamMate/.venv/lib/python3.12/site-packages/django/template/loaders/base.py", line 28, in get_template
    return Template(
           ^^^^^^^^^
  File "/home/sh1m0n/PycharmProjects/TeamMate/.venv/lib/python3.12/site-packages/django/template/base.py", line 154, in __init__
    self.nodelist = self.compile_nodelist()
                    ^^^^^^^^^^^^^^^^^^^^^^^
  File "/home/sh1m0n/PycharmProjects/TeamMate/.venv/lib/python3.12/site-packages/django/template/base.py", line 200, in compile_nodelist
    return parser.parse()
           ^^^^^^^^^^^^^^
  File "/home/sh1m0n/PycharmProjects/TeamMate/.venv/lib/python3.12/site-packages/django/template/base.py", line 507, in parse
    self.invalid_block_tag(token, command, parse_until)
  File "/home/sh1m0n/PycharmProjects/TeamMate/.venv/lib/python3.12/site-packages/django/template/base.py", line 568, in invalid_block_tag
    raise self.error(
django.template.exceptions.TemplateSyntaxError: Invalid block tag on line 8: 'static'. Did you forget to register or load this tag?
"GET /register HTTP/1.1" 500 145
Internal Server Error: /favicon.ico
Traceback (most recent call last):
  File "/home/sh1m0n/PycharmProjects/TeamMate/.venv/lib/python3.12/site-packages/django/template/base.py", line 505, in parse
    compile_func = self.tags[command]
                   ~~~~~~~~~^^^^^^^^^
KeyError: 'static'

During handling of the above exception, another exception occurred:

Traceback (most recent call last):
  File "/home/sh1m0n/PycharmProjects/TeamMate/.venv/lib/python3.12/site-packages/django/core/handlers/exception.py", line 55, in inner
    response = get_response(request)
               ^^^^^^^^^^^^^^^^^^^^^
  File "/home/sh1m0n/PycharmProjects/TeamMate/.venv/lib/python3.12/site-packages/django/core/handlers/base.py", line 220, in _get_response
    response = response.render()
               ^^^^^^^^^^^^^^^^^
  File "/home/sh1m0n/PycharmProjects/TeamMate/.venv/lib/python3.12/site-packages/django/template/response.py", line 114, in render
    self.content = self.rendered_content
                   ^^^^^^^^^^^^^^^^^^^^^
  File "/home/sh1m0n/PycharmProjects/TeamMate/.venv/lib/python3.12/site-packages/django/template/response.py", line 90, in rendered_content
    template = self.resolve_template(self.template_name)
               ^^^^^^^^^^^^^^^^^^^^^^^^^^^^^^^^^^^^^^^^^
  File "/home/sh1m0n/PycharmProjects/TeamMate/.venv/lib/python3.12/site-packages/django/template/response.py", line 72, in resolve_template
    return select_template(template, using=self.using)
           ^^^^^^^^^^^^^^^^^^^^^^^^^^^^^^^^^^^^^^^^^^^
  File "/home/sh1m0n/PycharmProjects/TeamMate/.venv/lib/python3.12/site-packages/django/template/loader.py", line 42, in select_template
    return engine.get_template(template_name)
           ^^^^^^^^^^^^^^^^^^^^^^^^^^^^^^^^^^
  File "/home/sh1m0n/PycharmProjects/TeamMate/.venv/lib/python3.12/site-packages/django/template/backends/django.py", line 33, in get_template
    return Template(self.engine.get_template(template_name), self)
                    ^^^^^^^^^^^^^^^^^^^^^^^^^^^^^^^^^^^^^^^
  File "/home/sh1m0n/PycharmProjects/TeamMate/.venv/lib/python3.12/site-packages/django/template/engine.py", line 175, in get_template
    template, origin = self.find_template(template_name)
                       ^^^^^^^^^^^^^^^^^^^^^^^^^^^^^^^^^
  File "/home/sh1m0n/PycharmProjects/TeamMate/.venv/lib/python3.12/site-packages/django/template/engine.py", line 157, in find_template
    template = loader.get_template(name, skip=skip)
               ^^^^^^^^^^^^^^^^^^^^^^^^^^^^^^^^^^^^
  File "/home/sh1m0n/PycharmProjects/TeamMate/.venv/lib/python3.12/site-packages/django/template/loaders/cached.py", line 57, in get_template
    template = super().get_template(template_name, skip)
               ^^^^^^^^^^^^^^^^^^^^^^^^^^^^^^^^^^^^^^^^^
  File "/home/sh1m0n/PycharmProjects/TeamMate/.venv/lib/python3.12/site-packages/django/template/loaders/base.py", line 28, in get_template
    return Template(
           ^^^^^^^^^
  File "/home/sh1m0n/PycharmProjects/TeamMate/.venv/lib/python3.12/site-packages/django/template/base.py", line 154, in __init__
    self.nodelist = self.compile_nodelist()
                    ^^^^^^^^^^^^^^^^^^^^^^^
  File "/home/sh1m0n/PycharmProjects/TeamMate/.venv/lib/python3.12/site-packages/django/template/base.py", line 200, in compile_nodelist
    return parser.parse()
           ^^^^^^^^^^^^^^
  File "/home/sh1m0n/PycharmProjects/TeamMate/.venv/lib/python3.12/site-packages/django/template/base.py", line 507, in parse
    self.invalid_block_tag(token, command, parse_until)
  File "/home/sh1m0n/PycharmProjects/TeamMate/.venv/lib/python3.12/site-packages/django/template/base.py", line 568, in invalid_block_tag
    raise self.error(
django.template.exceptions.TemplateSyntaxError: Invalid block tag on line 8: 'static'. Did you forget to register or load this tag?
"GET /favicon.ico HTTP/1.1" 500 145
Internal Server Error: /admin/logout/
Traceback (most recent call last):
  File "/home/sh1m0n/PycharmProjects/TeamMate/.venv/lib/python3.12/site-packages/django/core/handlers/exception.py", line 55, in inner
    response = get_response(request)
               ^^^^^^^^^^^^^^^^^^^^^
  File "/home/sh1m0n/PycharmProjects/TeamMate/.venv/lib/python3.12/site-packages/django/core/handlers/base.py", line 197, in _get_response
    response = wrapped_callback(request, *callback_args, **callback_kwargs)
               ^^^^^^^^^^^^^^^^^^^^^^^^^^^^^^^^^^^^^^^^^^^^^^^^^^^^^^^^^^^^
  File "/home/sh1m0n/PycharmProjects/TeamMate/.venv/lib/python3.12/site-packages/django/contrib/admin/sites.py", line 261, in wrapper
    return self.admin_view(view, cacheable)(*args, **kwargs)
           ^^^^^^^^^^^^^^^^^^^^^^^^^^^^^^^^^^^^^^^^^^^^^^^^^
  File "/home/sh1m0n/PycharmProjects/TeamMate/.venv/lib/python3.12/site-packages/django/utils/decorators.py", line 134, in _wrapper_view
    response = view_func(request, *args, **kwargs)
               ^^^^^^^^^^^^^^^^^^^^^^^^^^^^^^^^^^^
  File "/home/sh1m0n/PycharmProjects/TeamMate/.venv/lib/python3.12/site-packages/django/views/decorators/cache.py", line 62, in _wrapper_view_func
    response = view_func(request, *args, **kwargs)
               ^^^^^^^^^^^^^^^^^^^^^^^^^^^^^^^^^^^
  File "/home/sh1m0n/PycharmProjects/TeamMate/.venv/lib/python3.12/site-packages/django/contrib/admin/sites.py", line 242, in inner
    return view(request, *args, **kwargs)
           ^^^^^^^^^^^^^^^^^^^^^^^^^^^^^^
  File "/home/sh1m0n/PycharmProjects/TeamMate/.venv/lib/python3.12/site-packages/django/contrib/admin/sites.py", line 403, in logout
    return LogoutView.as_view(**defaults)(request)
           ^^^^^^^^^^^^^^^^^^^^^^^^^^^^^^^^^^^^^^^
  File "/home/sh1m0n/PycharmProjects/TeamMate/.venv/lib/python3.12/site-packages/django/views/generic/base.py", line 104, in view
    return self.dispatch(request, *args, **kwargs)
           ^^^^^^^^^^^^^^^^^^^^^^^^^^^^^^^^^^^^^^^
  File "/home/sh1m0n/PycharmProjects/TeamMate/.venv/lib/python3.12/site-packages/django/utils/decorators.py", line 46, in _wrapper
    return bound_method(*args, **kwargs)
           ^^^^^^^^^^^^^^^^^^^^^^^^^^^^^
  File "/home/sh1m0n/PycharmProjects/TeamMate/.venv/lib/python3.12/site-packages/django/views/decorators/cache.py", line 62, in _wrapper_view_func
    response = view_func(request, *args, **kwargs)
               ^^^^^^^^^^^^^^^^^^^^^^^^^^^^^^^^^^^
  File "/home/sh1m0n/PycharmProjects/TeamMate/.venv/lib/python3.12/site-packages/django/contrib/auth/views.py", line 147, in dispatch
    return super().dispatch(request, *args, **kwargs)
           ^^^^^^^^^^^^^^^^^^^^^^^^^^^^^^^^^^^^^^^^^^
  File "/home/sh1m0n/PycharmProjects/TeamMate/.venv/lib/python3.12/site-packages/django/views/generic/base.py", line 143, in dispatch
    return handler(request, *args, **kwargs)
           ^^^^^^^^^^^^^^^^^^^^^^^^^^^^^^^^^
  File "/home/sh1m0n/PycharmProjects/TeamMate/.venv/lib/python3.12/site-packages/django/utils/decorators.py", line 46, in _wrapper
    return bound_method(*args, **kwargs)
           ^^^^^^^^^^^^^^^^^^^^^^^^^^^^^
  File "/home/sh1m0n/PycharmProjects/TeamMate/.venv/lib/python3.12/site-packages/django/utils/decorators.py", line 134, in _wrapper_view
    response = view_func(request, *args, **kwargs)
               ^^^^^^^^^^^^^^^^^^^^^^^^^^^^^^^^^^^
  File "/home/sh1m0n/PycharmProjects/TeamMate/.venv/lib/python3.12/site-packages/django/contrib/auth/views.py", line 153, in post
    redirect_to = self.get_success_url()
                  ^^^^^^^^^^^^^^^^^^^^^^
  File "/home/sh1m0n/PycharmProjects/TeamMate/.venv/lib/python3.12/site-packages/django/contrib/auth/views.py", line 43, in get_success_url
    return self.get_redirect_url() or self.get_default_redirect_url()
                                      ^^^^^^^^^^^^^^^^^^^^^^^^^^^^^^^
  File "/home/sh1m0n/PycharmProjects/TeamMate/.venv/lib/python3.12/site-packages/django/contrib/auth/views.py", line 167, in get_default_redirect_url
    return resolve_url(settings.LOGOUT_REDIRECT_URL)
           ^^^^^^^^^^^^^^^^^^^^^^^^^^^^^^^^^^^^^^^^^
  File "/home/sh1m0n/PycharmProjects/TeamMate/.venv/lib/python3.12/site-packages/django/shortcuts.py", line 145, in resolve_url
    return reverse(to, args=args, kwargs=kwargs)
           ^^^^^^^^^^^^^^^^^^^^^^^^^^^^^^^^^^^^^
  File "/home/sh1m0n/PycharmProjects/TeamMate/.venv/lib/python3.12/site-packages/django/urls/base.py", line 88, in reverse
    return resolver._reverse_with_prefix(view, prefix, *args, **kwargs)
           ^^^^^^^^^^^^^^^^^^^^^^^^^^^^^^^^^^^^^^^^^^^^^^^^^^^^^^^^^^^^
  File "/home/sh1m0n/PycharmProjects/TeamMate/.venv/lib/python3.12/site-packages/django/urls/resolvers.py", line 828, in _reverse_with_prefix
    raise NoReverseMatch(msg)
django.urls.exceptions.NoReverseMatch: Reverse for 'sign_in' not found. 'sign_in' is not a valid view function or pattern name.
"POST /admin/logout/ HTTP/1.1" 500 145
Internal Server Error: /admin/logout/
Traceback (most recent call last):
  File "/home/sh1m0n/PycharmProjects/TeamMate/.venv/lib/python3.12/site-packages/django/core/handlers/exception.py", line 55, in inner
    response = get_response(request)
               ^^^^^^^^^^^^^^^^^^^^^
  File "/home/sh1m0n/PycharmProjects/TeamMate/.venv/lib/python3.12/site-packages/django/core/handlers/base.py", line 197, in _get_response
    response = wrapped_callback(request, *callback_args, **callback_kwargs)
               ^^^^^^^^^^^^^^^^^^^^^^^^^^^^^^^^^^^^^^^^^^^^^^^^^^^^^^^^^^^^
  File "/home/sh1m0n/PycharmProjects/TeamMate/.venv/lib/python3.12/site-packages/django/contrib/admin/sites.py", line 261, in wrapper
    return self.admin_view(view, cacheable)(*args, **kwargs)
           ^^^^^^^^^^^^^^^^^^^^^^^^^^^^^^^^^^^^^^^^^^^^^^^^^
  File "/home/sh1m0n/PycharmProjects/TeamMate/.venv/lib/python3.12/site-packages/django/utils/decorators.py", line 134, in _wrapper_view
    response = view_func(request, *args, **kwargs)
               ^^^^^^^^^^^^^^^^^^^^^^^^^^^^^^^^^^^
  File "/home/sh1m0n/PycharmProjects/TeamMate/.venv/lib/python3.12/site-packages/django/views/decorators/cache.py", line 62, in _wrapper_view_func
    response = view_func(request, *args, **kwargs)
               ^^^^^^^^^^^^^^^^^^^^^^^^^^^^^^^^^^^
  File "/home/sh1m0n/PycharmProjects/TeamMate/.venv/lib/python3.12/site-packages/django/contrib/admin/sites.py", line 242, in inner
    return view(request, *args, **kwargs)
           ^^^^^^^^^^^^^^^^^^^^^^^^^^^^^^
  File "/home/sh1m0n/PycharmProjects/TeamMate/.venv/lib/python3.12/site-packages/django/contrib/admin/sites.py", line 403, in logout
    return LogoutView.as_view(**defaults)(request)
           ^^^^^^^^^^^^^^^^^^^^^^^^^^^^^^^^^^^^^^^
  File "/home/sh1m0n/PycharmProjects/TeamMate/.venv/lib/python3.12/site-packages/django/views/generic/base.py", line 104, in view
    return self.dispatch(request, *args, **kwargs)
           ^^^^^^^^^^^^^^^^^^^^^^^^^^^^^^^^^^^^^^^
  File "/home/sh1m0n/PycharmProjects/TeamMate/.venv/lib/python3.12/site-packages/django/utils/decorators.py", line 46, in _wrapper
    return bound_method(*args, **kwargs)
           ^^^^^^^^^^^^^^^^^^^^^^^^^^^^^
  File "/home/sh1m0n/PycharmProjects/TeamMate/.venv/lib/python3.12/site-packages/django/views/decorators/cache.py", line 62, in _wrapper_view_func
    response = view_func(request, *args, **kwargs)
               ^^^^^^^^^^^^^^^^^^^^^^^^^^^^^^^^^^^
  File "/home/sh1m0n/PycharmProjects/TeamMate/.venv/lib/python3.12/site-packages/django/contrib/auth/views.py", line 147, in dispatch
    return super().dispatch(request, *args, **kwargs)
           ^^^^^^^^^^^^^^^^^^^^^^^^^^^^^^^^^^^^^^^^^^
  File "/home/sh1m0n/PycharmProjects/TeamMate/.venv/lib/python3.12/site-packages/django/views/generic/base.py", line 143, in dispatch
    return handler(request, *args, **kwargs)
           ^^^^^^^^^^^^^^^^^^^^^^^^^^^^^^^^^
  File "/home/sh1m0n/PycharmProjects/TeamMate/.venv/lib/python3.12/site-packages/django/utils/decorators.py", line 46, in _wrapper
    return bound_method(*args, **kwargs)
           ^^^^^^^^^^^^^^^^^^^^^^^^^^^^^
  File "/home/sh1m0n/PycharmProjects/TeamMate/.venv/lib/python3.12/site-packages/django/utils/decorators.py", line 134, in _wrapper_view
    response = view_func(request, *args, **kwargs)
               ^^^^^^^^^^^^^^^^^^^^^^^^^^^^^^^^^^^
  File "/home/sh1m0n/PycharmProjects/TeamMate/.venv/lib/python3.12/site-packages/django/contrib/auth/views.py", line 153, in post
    redirect_to = self.get_success_url()
                  ^^^^^^^^^^^^^^^^^^^^^^
  File "/home/sh1m0n/PycharmProjects/TeamMate/.venv/lib/python3.12/site-packages/django/contrib/auth/views.py", line 43, in get_success_url
    return self.get_redirect_url() or self.get_default_redirect_url()
                                      ^^^^^^^^^^^^^^^^^^^^^^^^^^^^^^^
  File "/home/sh1m0n/PycharmProjects/TeamMate/.venv/lib/python3.12/site-packages/django/contrib/auth/views.py", line 167, in get_default_redirect_url
    return resolve_url(settings.LOGOUT_REDIRECT_URL)
           ^^^^^^^^^^^^^^^^^^^^^^^^^^^^^^^^^^^^^^^^^
  File "/home/sh1m0n/PycharmProjects/TeamMate/.venv/lib/python3.12/site-packages/django/shortcuts.py", line 145, in resolve_url
    return reverse(to, args=args, kwargs=kwargs)
           ^^^^^^^^^^^^^^^^^^^^^^^^^^^^^^^^^^^^^
  File "/home/sh1m0n/PycharmProjects/TeamMate/.venv/lib/python3.12/site-packages/django/urls/base.py", line 88, in reverse
    return resolver._reverse_with_prefix(view, prefix, *args, **kwargs)
           ^^^^^^^^^^^^^^^^^^^^^^^^^^^^^^^^^^^^^^^^^^^^^^^^^^^^^^^^^^^^
  File "/home/sh1m0n/PycharmProjects/TeamMate/.venv/lib/python3.12/site-packages/django/urls/resolvers.py", line 828, in _reverse_with_prefix
    raise NoReverseMatch(msg)
django.urls.exceptions.NoReverseMatch: Reverse for 'sign_in' not found. 'sign_in' is not a valid view function or pattern name.
"POST /admin/logout/ HTTP/1.1" 500 145
Internal Server Error: /api/auth/users/
Traceback (most recent call last):
  File "/home/sh1m0n/PycharmProjects/TeamMate/.venv/lib/python3.12/site-packages/django/core/handlers/exception.py", line 55, in inner
    response = get_response(request)
               ^^^^^^^^^^^^^^^^^^^^^
  File "/home/sh1m0n/PycharmProjects/TeamMate/.venv/lib/python3.12/site-packages/django/core/handlers/base.py", line 197, in _get_response
    response = wrapped_callback(request, *callback_args, **callback_kwargs)
               ^^^^^^^^^^^^^^^^^^^^^^^^^^^^^^^^^^^^^^^^^^^^^^^^^^^^^^^^^^^^
  File "/home/sh1m0n/PycharmProjects/TeamMate/.venv/lib/python3.12/site-packages/django/views/decorators/csrf.py", line 56, in wrapper_view
    return view_func(*args, **kwargs)
           ^^^^^^^^^^^^^^^^^^^^^^^^^^
  File "/home/sh1m0n/PycharmProjects/TeamMate/.venv/lib/python3.12/site-packages/rest_framework/viewsets.py", line 125, in view
    return self.dispatch(request, *args, **kwargs)
           ^^^^^^^^^^^^^^^^^^^^^^^^^^^^^^^^^^^^^^^
  File "/home/sh1m0n/PycharmProjects/TeamMate/.venv/lib/python3.12/site-packages/rest_framework/views.py", line 515, in dispatch
    response = self.handle_exception(exc)
               ^^^^^^^^^^^^^^^^^^^^^^^^^^
  File "/home/sh1m0n/PycharmProjects/TeamMate/.venv/lib/python3.12/site-packages/rest_framework/views.py", line 475, in handle_exception
    self.raise_uncaught_exception(exc)
  File "/home/sh1m0n/PycharmProjects/TeamMate/.venv/lib/python3.12/site-packages/rest_framework/views.py", line 486, in raise_uncaught_exception
    raise exc
  File "/home/sh1m0n/PycharmProjects/TeamMate/.venv/lib/python3.12/site-packages/rest_framework/views.py", line 512, in dispatch
    response = handler(request, *args, **kwargs)
               ^^^^^^^^^^^^^^^^^^^^^^^^^^^^^^^^^
  File "/home/sh1m0n/PycharmProjects/TeamMate/.venv/lib/python3.12/site-packages/rest_framework/mixins.py", line 19, in create
    self.perform_create(serializer)
  File "/home/sh1m0n/PycharmProjects/TeamMate/.venv/lib/python3.12/site-packages/djoser/views.py", line 142, in perform_create
    settings.EMAIL.activation(self.request, context).send(to)
  File "/home/sh1m0n/PycharmProjects/TeamMate/.venv/lib/python3.12/site-packages/djoser/email.py", line 82, in send
    super().send(fail_silently=fail_silently)
  File "/home/sh1m0n/PycharmProjects/TeamMate/.venv/lib/python3.12/site-packages/django/core/mail/message.py", line 299, in send
    return self.get_connection(fail_silently).send_messages([self])
           ^^^^^^^^^^^^^^^^^^^^^^^^^^^^^^^^^^^^^^^^^^^^^^^^^^^^^^^^
  File "/home/sh1m0n/PycharmProjects/TeamMate/.venv/lib/python3.12/site-packages/django/core/mail/backends/smtp.py", line 127, in send_messages
    new_conn_created = self.open()
                       ^^^^^^^^^^^
  File "/home/sh1m0n/PycharmProjects/TeamMate/.venv/lib/python3.12/site-packages/django/core/mail/backends/smtp.py", line 85, in open
    self.connection = self.connection_class(
                      ^^^^^^^^^^^^^^^^^^^^^^
  File "/usr/lib/python3.12/smtplib.py", line 1022, in __init__
    SMTP.__init__(self, host, port, local_hostname, timeout,
  File "/usr/lib/python3.12/smtplib.py", line 255, in __init__
    (code, msg) = self.connect(host, port)
                  ^^^^^^^^^^^^^^^^^^^^^^^^
  File "/usr/lib/python3.12/smtplib.py", line 341, in connect
    self.sock = self._get_socket(host, port, self.timeout)
                ^^^^^^^^^^^^^^^^^^^^^^^^^^^^^^^^^^^^^^^^^^
  File "/usr/lib/python3.12/smtplib.py", line 1028, in _get_socket
    new_socket = super()._get_socket(host, port, timeout)
                 ^^^^^^^^^^^^^^^^^^^^^^^^^^^^^^^^^^^^^^^^
  File "/usr/lib/python3.12/smtplib.py", line 312, in _get_socket
    return socket.create_connection((host, port), timeout,
           ^^^^^^^^^^^^^^^^^^^^^^^^^^^^^^^^^^^^^^^^^^^^^^^
  File "/usr/lib/python3.12/socket.py", line 828, in create_connection
    for res in getaddrinfo(host, port, 0, SOCK_STREAM):
               ^^^^^^^^^^^^^^^^^^^^^^^^^^^^^^^^^^^^^^^
  File "/usr/lib/python3.12/socket.py", line 963, in getaddrinfo
    for res in _socket.getaddrinfo(host, port, family, type, proto, flags):
               ^^^^^^^^^^^^^^^^^^^^^^^^^^^^^^^^^^^^^^^^^^^^^^^^^^^^^^^^^^^
socket.gaierror: [Errno -8] Servname not supported for ai_socktype
"POST /api/auth/users/ HTTP/1.1" 500 145
Internal Server Error: /api/auth/users/
Traceback (most recent call last):
  File "/home/sh1m0n/PycharmProjects/TeamMate/.venv/lib/python3.12/site-packages/django/core/handlers/exception.py", line 55, in inner
    response = get_response(request)
               ^^^^^^^^^^^^^^^^^^^^^
  File "/home/sh1m0n/PycharmProjects/TeamMate/.venv/lib/python3.12/site-packages/django/core/handlers/base.py", line 197, in _get_response
    response = wrapped_callback(request, *callback_args, **callback_kwargs)
               ^^^^^^^^^^^^^^^^^^^^^^^^^^^^^^^^^^^^^^^^^^^^^^^^^^^^^^^^^^^^
  File "/home/sh1m0n/PycharmProjects/TeamMate/.venv/lib/python3.12/site-packages/django/views/decorators/csrf.py", line 56, in wrapper_view
    return view_func(*args, **kwargs)
           ^^^^^^^^^^^^^^^^^^^^^^^^^^
  File "/home/sh1m0n/PycharmProjects/TeamMate/.venv/lib/python3.12/site-packages/rest_framework/viewsets.py", line 125, in view
    return self.dispatch(request, *args, **kwargs)
           ^^^^^^^^^^^^^^^^^^^^^^^^^^^^^^^^^^^^^^^
  File "/home/sh1m0n/PycharmProjects/TeamMate/.venv/lib/python3.12/site-packages/rest_framework/views.py", line 515, in dispatch
    response = self.handle_exception(exc)
               ^^^^^^^^^^^^^^^^^^^^^^^^^^
  File "/home/sh1m0n/PycharmProjects/TeamMate/.venv/lib/python3.12/site-packages/rest_framework/views.py", line 475, in handle_exception
    self.raise_uncaught_exception(exc)
  File "/home/sh1m0n/PycharmProjects/TeamMate/.venv/lib/python3.12/site-packages/rest_framework/views.py", line 486, in raise_uncaught_exception
    raise exc
  File "/home/sh1m0n/PycharmProjects/TeamMate/.venv/lib/python3.12/site-packages/rest_framework/views.py", line 512, in dispatch
    response = handler(request, *args, **kwargs)
               ^^^^^^^^^^^^^^^^^^^^^^^^^^^^^^^^^
  File "/home/sh1m0n/PycharmProjects/TeamMate/.venv/lib/python3.12/site-packages/rest_framework/mixins.py", line 19, in create
    self.perform_create(serializer)
  File "/home/sh1m0n/PycharmProjects/TeamMate/.venv/lib/python3.12/site-packages/djoser/views.py", line 142, in perform_create
    settings.EMAIL.activation(self.request, context).send(to)
  File "/home/sh1m0n/PycharmProjects/TeamMate/.venv/lib/python3.12/site-packages/djoser/email.py", line 82, in send
    super().send(fail_silently=fail_silently)
  File "/home/sh1m0n/PycharmProjects/TeamMate/.venv/lib/python3.12/site-packages/django/core/mail/message.py", line 299, in send
    return self.get_connection(fail_silently).send_messages([self])
           ^^^^^^^^^^^^^^^^^^^^^^^^^^^^^^^^^^^^^^^^^^^^^^^^^^^^^^^^
  File "/home/sh1m0n/PycharmProjects/TeamMate/.venv/lib/python3.12/site-packages/django/core/mail/backends/smtp.py", line 127, in send_messages
    new_conn_created = self.open()
                       ^^^^^^^^^^^
  File "/home/sh1m0n/PycharmProjects/TeamMate/.venv/lib/python3.12/site-packages/django/core/mail/backends/smtp.py", line 94, in open
    self.connection.login(self.username, self.password)
  File "/usr/lib/python3.12/smtplib.py", line 750, in login
    raise last_exception
  File "/usr/lib/python3.12/smtplib.py", line 739, in login
    (code, resp) = self.auth(
                   ^^^^^^^^^^
  File "/usr/lib/python3.12/smtplib.py", line 662, in auth
    raise SMTPAuthenticationError(code, resp)
smtplib.SMTPAuthenticationError: (535, b'5.7.8 Error: authentication failed: This user does not have access rights to this service 1750582478-csMG5OiLbeA0')
"POST /api/auth/users/ HTTP/1.1" 500 145
Internal Server Error: /api/auth/users/
Traceback (most recent call last):
  File "/home/sh1m0n/PycharmProjects/TeamMate/.venv/lib/python3.12/site-packages/django/core/handlers/exception.py", line 55, in inner
    response = get_response(request)
               ^^^^^^^^^^^^^^^^^^^^^
  File "/home/sh1m0n/PycharmProjects/TeamMate/.venv/lib/python3.12/site-packages/django/core/handlers/base.py", line 197, in _get_response
    response = wrapped_callback(request, *callback_args, **callback_kwargs)
               ^^^^^^^^^^^^^^^^^^^^^^^^^^^^^^^^^^^^^^^^^^^^^^^^^^^^^^^^^^^^
  File "/home/sh1m0n/PycharmProjects/TeamMate/.venv/lib/python3.12/site-packages/django/views/decorators/csrf.py", line 56, in wrapper_view
    return view_func(*args, **kwargs)
           ^^^^^^^^^^^^^^^^^^^^^^^^^^
  File "/home/sh1m0n/PycharmProjects/TeamMate/.venv/lib/python3.12/site-packages/rest_framework/viewsets.py", line 125, in view
    return self.dispatch(request, *args, **kwargs)
           ^^^^^^^^^^^^^^^^^^^^^^^^^^^^^^^^^^^^^^^
  File "/home/sh1m0n/PycharmProjects/TeamMate/.venv/lib/python3.12/site-packages/rest_framework/views.py", line 515, in dispatch
    response = self.handle_exception(exc)
               ^^^^^^^^^^^^^^^^^^^^^^^^^^
  File "/home/sh1m0n/PycharmProjects/TeamMate/.venv/lib/python3.12/site-packages/rest_framework/views.py", line 475, in handle_exception
    self.raise_uncaught_exception(exc)
  File "/home/sh1m0n/PycharmProjects/TeamMate/.venv/lib/python3.12/site-packages/rest_framework/views.py", line 486, in raise_uncaught_exception
    raise exc
  File "/home/sh1m0n/PycharmProjects/TeamMate/.venv/lib/python3.12/site-packages/rest_framework/views.py", line 512, in dispatch
    response = handler(request, *args, **kwargs)
               ^^^^^^^^^^^^^^^^^^^^^^^^^^^^^^^^^
  File "/home/sh1m0n/PycharmProjects/TeamMate/.venv/lib/python3.12/site-packages/rest_framework/mixins.py", line 19, in create
    self.perform_create(serializer)
  File "/home/sh1m0n/PycharmProjects/TeamMate/.venv/lib/python3.12/site-packages/djoser/views.py", line 142, in perform_create
    settings.EMAIL.activation(self.request, context).send(to)
  File "/home/sh1m0n/PycharmProjects/TeamMate/.venv/lib/python3.12/site-packages/djoser/email.py", line 82, in send
    super().send(fail_silently=fail_silently)
  File "/home/sh1m0n/PycharmProjects/TeamMate/.venv/lib/python3.12/site-packages/django/core/mail/message.py", line 299, in send
    return self.get_connection(fail_silently).send_messages([self])
           ^^^^^^^^^^^^^^^^^^^^^^^^^^^^^^^^^^^^^^^^^^^^^^^^^^^^^^^^
  File "/home/sh1m0n/PycharmProjects/TeamMate/.venv/lib/python3.12/site-packages/django/core/mail/backends/smtp.py", line 127, in send_messages
    new_conn_created = self.open()
                       ^^^^^^^^^^^
  File "/home/sh1m0n/PycharmProjects/TeamMate/.venv/lib/python3.12/site-packages/django/core/mail/backends/smtp.py", line 94, in open
    self.connection.login(self.username, self.password)
  File "/usr/lib/python3.12/smtplib.py", line 750, in login
    raise last_exception
  File "/usr/lib/python3.12/smtplib.py", line 739, in login
    (code, resp) = self.auth(
                   ^^^^^^^^^^
  File "/usr/lib/python3.12/smtplib.py", line 662, in auth
    raise SMTPAuthenticationError(code, resp)
smtplib.SMTPAuthenticationError: (535, b'5.7.8 Error: authentication failed: This user does not have access rights to this service 1750584514-YSNnreoLZeA0')
"POST /api/auth/users/ HTTP/1.1" 500 145
Internal Server Error: /admin/logout/
Traceback (most recent call last):
  File "/home/sh1m0n/PycharmProjects/TeamMate/.venv/lib/python3.12/site-packages/django/core/handlers/exception.py", line 55, in inner
    response = get_response(request)
               ^^^^^^^^^^^^^^^^^^^^^
  File "/home/sh1m0n/PycharmProjects/TeamMate/.venv/lib/python3.12/site-packages/django/core/handlers/base.py", line 197, in _get_response
    response = wrapped_callback(request, *callback_args, **callback_kwargs)
               ^^^^^^^^^^^^^^^^^^^^^^^^^^^^^^^^^^^^^^^^^^^^^^^^^^^^^^^^^^^^
  File "/home/sh1m0n/PycharmProjects/TeamMate/.venv/lib/python3.12/site-packages/django/contrib/admin/sites.py", line 261, in wrapper
    return self.admin_view(view, cacheable)(*args, **kwargs)
           ^^^^^^^^^^^^^^^^^^^^^^^^^^^^^^^^^^^^^^^^^^^^^^^^^
  File "/home/sh1m0n/PycharmProjects/TeamMate/.venv/lib/python3.12/site-packages/django/utils/decorators.py", line 134, in _wrapper_view
    response = view_func(request, *args, **kwargs)
               ^^^^^^^^^^^^^^^^^^^^^^^^^^^^^^^^^^^
  File "/home/sh1m0n/PycharmProjects/TeamMate/.venv/lib/python3.12/site-packages/django/views/decorators/cache.py", line 62, in _wrapper_view_func
    response = view_func(request, *args, **kwargs)
               ^^^^^^^^^^^^^^^^^^^^^^^^^^^^^^^^^^^
  File "/home/sh1m0n/PycharmProjects/TeamMate/.venv/lib/python3.12/site-packages/django/contrib/admin/sites.py", line 242, in inner
    return view(request, *args, **kwargs)
           ^^^^^^^^^^^^^^^^^^^^^^^^^^^^^^
  File "/home/sh1m0n/PycharmProjects/TeamMate/.venv/lib/python3.12/site-packages/django/contrib/admin/sites.py", line 403, in logout
    return LogoutView.as_view(**defaults)(request)
           ^^^^^^^^^^^^^^^^^^^^^^^^^^^^^^^^^^^^^^^
  File "/home/sh1m0n/PycharmProjects/TeamMate/.venv/lib/python3.12/site-packages/django/views/generic/base.py", line 104, in view
    return self.dispatch(request, *args, **kwargs)
           ^^^^^^^^^^^^^^^^^^^^^^^^^^^^^^^^^^^^^^^
  File "/home/sh1m0n/PycharmProjects/TeamMate/.venv/lib/python3.12/site-packages/django/utils/decorators.py", line 46, in _wrapper
    return bound_method(*args, **kwargs)
           ^^^^^^^^^^^^^^^^^^^^^^^^^^^^^
  File "/home/sh1m0n/PycharmProjects/TeamMate/.venv/lib/python3.12/site-packages/django/views/decorators/cache.py", line 62, in _wrapper_view_func
    response = view_func(request, *args, **kwargs)
               ^^^^^^^^^^^^^^^^^^^^^^^^^^^^^^^^^^^
  File "/home/sh1m0n/PycharmProjects/TeamMate/.venv/lib/python3.12/site-packages/django/contrib/auth/views.py", line 147, in dispatch
    return super().dispatch(request, *args, **kwargs)
           ^^^^^^^^^^^^^^^^^^^^^^^^^^^^^^^^^^^^^^^^^^
  File "/home/sh1m0n/PycharmProjects/TeamMate/.venv/lib/python3.12/site-packages/django/views/generic/base.py", line 143, in dispatch
    return handler(request, *args, **kwargs)
           ^^^^^^^^^^^^^^^^^^^^^^^^^^^^^^^^^
  File "/home/sh1m0n/PycharmProjects/TeamMate/.venv/lib/python3.12/site-packages/django/utils/decorators.py", line 46, in _wrapper
    return bound_method(*args, **kwargs)
           ^^^^^^^^^^^^^^^^^^^^^^^^^^^^^
  File "/home/sh1m0n/PycharmProjects/TeamMate/.venv/lib/python3.12/site-packages/django/utils/decorators.py", line 134, in _wrapper_view
    response = view_func(request, *args, **kwargs)
               ^^^^^^^^^^^^^^^^^^^^^^^^^^^^^^^^^^^
  File "/home/sh1m0n/PycharmProjects/TeamMate/.venv/lib/python3.12/site-packages/django/contrib/auth/views.py", line 153, in post
    redirect_to = self.get_success_url()
                  ^^^^^^^^^^^^^^^^^^^^^^
  File "/home/sh1m0n/PycharmProjects/TeamMate/.venv/lib/python3.12/site-packages/django/contrib/auth/views.py", line 43, in get_success_url
    return self.get_redirect_url() or self.get_default_redirect_url()
                                      ^^^^^^^^^^^^^^^^^^^^^^^^^^^^^^^
  File "/home/sh1m0n/PycharmProjects/TeamMate/.venv/lib/python3.12/site-packages/django/contrib/auth/views.py", line 167, in get_default_redirect_url
    return resolve_url(settings.LOGOUT_REDIRECT_URL)
           ^^^^^^^^^^^^^^^^^^^^^^^^^^^^^^^^^^^^^^^^^
  File "/home/sh1m0n/PycharmProjects/TeamMate/.venv/lib/python3.12/site-packages/django/shortcuts.py", line 145, in resolve_url
    return reverse(to, args=args, kwargs=kwargs)
           ^^^^^^^^^^^^^^^^^^^^^^^^^^^^^^^^^^^^^
  File "/home/sh1m0n/PycharmProjects/TeamMate/.venv/lib/python3.12/site-packages/django/urls/base.py", line 88, in reverse
    return resolver._reverse_with_prefix(view, prefix, *args, **kwargs)
           ^^^^^^^^^^^^^^^^^^^^^^^^^^^^^^^^^^^^^^^^^^^^^^^^^^^^^^^^^^^^
  File "/home/sh1m0n/PycharmProjects/TeamMate/.venv/lib/python3.12/site-packages/django/urls/resolvers.py", line 828, in _reverse_with_prefix
    raise NoReverseMatch(msg)
django.urls.exceptions.NoReverseMatch: Reverse for 'sign_in' not found. 'sign_in' is not a valid view function or pattern name.
"POST /admin/logout/ HTTP/1.1" 500 145
Internal Server Error: /api/auth/users/
Traceback (most recent call last):
  File "/home/sh1m0n/PycharmProjects/TeamMate/.venv/lib/python3.12/site-packages/django/core/handlers/exception.py", line 55, in inner
    response = get_response(request)
               ^^^^^^^^^^^^^^^^^^^^^
  File "/home/sh1m0n/PycharmProjects/TeamMate/.venv/lib/python3.12/site-packages/django/core/handlers/base.py", line 197, in _get_response
    response = wrapped_callback(request, *callback_args, **callback_kwargs)
               ^^^^^^^^^^^^^^^^^^^^^^^^^^^^^^^^^^^^^^^^^^^^^^^^^^^^^^^^^^^^
  File "/home/sh1m0n/PycharmProjects/TeamMate/.venv/lib/python3.12/site-packages/django/views/decorators/csrf.py", line 56, in wrapper_view
    return view_func(*args, **kwargs)
           ^^^^^^^^^^^^^^^^^^^^^^^^^^
  File "/home/sh1m0n/PycharmProjects/TeamMate/.venv/lib/python3.12/site-packages/rest_framework/viewsets.py", line 125, in view
    return self.dispatch(request, *args, **kwargs)
           ^^^^^^^^^^^^^^^^^^^^^^^^^^^^^^^^^^^^^^^
  File "/home/sh1m0n/PycharmProjects/TeamMate/.venv/lib/python3.12/site-packages/rest_framework/views.py", line 515, in dispatch
    response = self.handle_exception(exc)
               ^^^^^^^^^^^^^^^^^^^^^^^^^^
  File "/home/sh1m0n/PycharmProjects/TeamMate/.venv/lib/python3.12/site-packages/rest_framework/views.py", line 475, in handle_exception
    self.raise_uncaught_exception(exc)
  File "/home/sh1m0n/PycharmProjects/TeamMate/.venv/lib/python3.12/site-packages/rest_framework/views.py", line 486, in raise_uncaught_exception
    raise exc
  File "/home/sh1m0n/PycharmProjects/TeamMate/.venv/lib/python3.12/site-packages/rest_framework/views.py", line 512, in dispatch
    response = handler(request, *args, **kwargs)
               ^^^^^^^^^^^^^^^^^^^^^^^^^^^^^^^^^
  File "/home/sh1m0n/PycharmProjects/TeamMate/.venv/lib/python3.12/site-packages/rest_framework/mixins.py", line 19, in create
    self.perform_create(serializer)
  File "/home/sh1m0n/PycharmProjects/TeamMate/.venv/lib/python3.12/site-packages/djoser/views.py", line 142, in perform_create
    settings.EMAIL.activation(self.request, context).send(to)
  File "/home/sh1m0n/PycharmProjects/TeamMate/.venv/lib/python3.12/site-packages/djoser/email.py", line 82, in send
    super().send(fail_silently=fail_silently)
  File "/home/sh1m0n/PycharmProjects/TeamMate/.venv/lib/python3.12/site-packages/django/core/mail/message.py", line 299, in send
    return self.get_connection(fail_silently).send_messages([self])
           ^^^^^^^^^^^^^^^^^^^^^^^^^^^^^^^^^^^^^^^^^^^^^^^^^^^^^^^^
  File "/home/sh1m0n/PycharmProjects/TeamMate/.venv/lib/python3.12/site-packages/django/core/mail/backends/smtp.py", line 127, in send_messages
    new_conn_created = self.open()
                       ^^^^^^^^^^^
  File "/home/sh1m0n/PycharmProjects/TeamMate/.venv/lib/python3.12/site-packages/django/core/mail/backends/smtp.py", line 94, in open
    self.connection.login(self.username, self.password)
  File "/usr/lib/python3.12/smtplib.py", line 750, in login
    raise last_exception
  File "/usr/lib/python3.12/smtplib.py", line 739, in login
    (code, resp) = self.auth(
                   ^^^^^^^^^^
  File "/usr/lib/python3.12/smtplib.py", line 662, in auth
    raise SMTPAuthenticationError(code, resp)
smtplib.SMTPAuthenticationError: (535, b'5.7.8 Error: authentication failed: This user does not have access rights to this service 1750584768-mWNXKEoLlqM0')
"POST /api/auth/users/ HTTP/1.1" 500 145
Internal Server Error: /api/auth/users/
Traceback (most recent call last):
  File "/home/sh1m0n/PycharmProjects/TeamMate/.venv/lib/python3.12/site-packages/django/core/handlers/exception.py", line 55, in inner
    response = get_response(request)
               ^^^^^^^^^^^^^^^^^^^^^
  File "/home/sh1m0n/PycharmProjects/TeamMate/.venv/lib/python3.12/site-packages/django/core/handlers/base.py", line 197, in _get_response
    response = wrapped_callback(request, *callback_args, **callback_kwargs)
               ^^^^^^^^^^^^^^^^^^^^^^^^^^^^^^^^^^^^^^^^^^^^^^^^^^^^^^^^^^^^
  File "/home/sh1m0n/PycharmProjects/TeamMate/.venv/lib/python3.12/site-packages/django/views/decorators/csrf.py", line 56, in wrapper_view
    return view_func(*args, **kwargs)
           ^^^^^^^^^^^^^^^^^^^^^^^^^^
  File "/home/sh1m0n/PycharmProjects/TeamMate/.venv/lib/python3.12/site-packages/rest_framework/viewsets.py", line 125, in view
    return self.dispatch(request, *args, **kwargs)
           ^^^^^^^^^^^^^^^^^^^^^^^^^^^^^^^^^^^^^^^
  File "/home/sh1m0n/PycharmProjects/TeamMate/.venv/lib/python3.12/site-packages/rest_framework/views.py", line 515, in dispatch
    response = self.handle_exception(exc)
               ^^^^^^^^^^^^^^^^^^^^^^^^^^
  File "/home/sh1m0n/PycharmProjects/TeamMate/.venv/lib/python3.12/site-packages/rest_framework/views.py", line 475, in handle_exception
    self.raise_uncaught_exception(exc)
  File "/home/sh1m0n/PycharmProjects/TeamMate/.venv/lib/python3.12/site-packages/rest_framework/views.py", line 486, in raise_uncaught_exception
    raise exc
  File "/home/sh1m0n/PycharmProjects/TeamMate/.venv/lib/python3.12/site-packages/rest_framework/views.py", line 512, in dispatch
    response = handler(request, *args, **kwargs)
               ^^^^^^^^^^^^^^^^^^^^^^^^^^^^^^^^^
  File "/home/sh1m0n/PycharmProjects/TeamMate/.venv/lib/python3.12/site-packages/rest_framework/mixins.py", line 19, in create
    self.perform_create(serializer)
  File "/home/sh1m0n/PycharmProjects/TeamMate/.venv/lib/python3.12/site-packages/djoser/views.py", line 142, in perform_create
    settings.EMAIL.activation(self.request, context).send(to)
  File "/home/sh1m0n/PycharmProjects/TeamMate/.venv/lib/python3.12/site-packages/djoser/email.py", line 82, in send
    super().send(fail_silently=fail_silently)
  File "/home/sh1m0n/PycharmProjects/TeamMate/.venv/lib/python3.12/site-packages/django/core/mail/message.py", line 299, in send
    return self.get_connection(fail_silently).send_messages([self])
           ^^^^^^^^^^^^^^^^^^^^^^^^^^^^^^^^^^^^^^^^^^^^^^^^^^^^^^^^
  File "/home/sh1m0n/PycharmProjects/TeamMate/.venv/lib/python3.12/site-packages/django/core/mail/backends/smtp.py", line 127, in send_messages
    new_conn_created = self.open()
                       ^^^^^^^^^^^
  File "/home/sh1m0n/PycharmProjects/TeamMate/.venv/lib/python3.12/site-packages/django/core/mail/backends/smtp.py", line 94, in open
    self.connection.login(self.username, self.password)
  File "/usr/lib/python3.12/smtplib.py", line 750, in login
    raise last_exception
  File "/usr/lib/python3.12/smtplib.py", line 739, in login
    (code, resp) = self.auth(
                   ^^^^^^^^^^
  File "/usr/lib/python3.12/smtplib.py", line 662, in auth
    raise SMTPAuthenticationError(code, resp)
smtplib.SMTPAuthenticationError: (535, b'5.7.8 Error: authentication failed: This user does not have access rights to this service 1750585378-wgNfYxoLjCg0')
"POST /api/auth/users/ HTTP/1.1" 500 145
Internal Server Error: /admin/logout/
Traceback (most recent call last):
  File "/home/sh1m0n/PycharmProjects/TeamMate/.venv/lib/python3.12/site-packages/django/core/handlers/exception.py", line 55, in inner
    response = get_response(request)
               ^^^^^^^^^^^^^^^^^^^^^
  File "/home/sh1m0n/PycharmProjects/TeamMate/.venv/lib/python3.12/site-packages/django/core/handlers/base.py", line 197, in _get_response
    response = wrapped_callback(request, *callback_args, **callback_kwargs)
               ^^^^^^^^^^^^^^^^^^^^^^^^^^^^^^^^^^^^^^^^^^^^^^^^^^^^^^^^^^^^
  File "/home/sh1m0n/PycharmProjects/TeamMate/.venv/lib/python3.12/site-packages/django/contrib/admin/sites.py", line 261, in wrapper
    return self.admin_view(view, cacheable)(*args, **kwargs)
           ^^^^^^^^^^^^^^^^^^^^^^^^^^^^^^^^^^^^^^^^^^^^^^^^^
  File "/home/sh1m0n/PycharmProjects/TeamMate/.venv/lib/python3.12/site-packages/django/utils/decorators.py", line 134, in _wrapper_view
    response = view_func(request, *args, **kwargs)
               ^^^^^^^^^^^^^^^^^^^^^^^^^^^^^^^^^^^
  File "/home/sh1m0n/PycharmProjects/TeamMate/.venv/lib/python3.12/site-packages/django/views/decorators/cache.py", line 62, in _wrapper_view_func
    response = view_func(request, *args, **kwargs)
               ^^^^^^^^^^^^^^^^^^^^^^^^^^^^^^^^^^^
  File "/home/sh1m0n/PycharmProjects/TeamMate/.venv/lib/python3.12/site-packages/django/contrib/admin/sites.py", line 242, in inner
    return view(request, *args, **kwargs)
           ^^^^^^^^^^^^^^^^^^^^^^^^^^^^^^
  File "/home/sh1m0n/PycharmProjects/TeamMate/.venv/lib/python3.12/site-packages/django/contrib/admin/sites.py", line 403, in logout
    return LogoutView.as_view(**defaults)(request)
           ^^^^^^^^^^^^^^^^^^^^^^^^^^^^^^^^^^^^^^^
  File "/home/sh1m0n/PycharmProjects/TeamMate/.venv/lib/python3.12/site-packages/django/views/generic/base.py", line 104, in view
    return self.dispatch(request, *args, **kwargs)
           ^^^^^^^^^^^^^^^^^^^^^^^^^^^^^^^^^^^^^^^
  File "/home/sh1m0n/PycharmProjects/TeamMate/.venv/lib/python3.12/site-packages/django/utils/decorators.py", line 46, in _wrapper
    return bound_method(*args, **kwargs)
           ^^^^^^^^^^^^^^^^^^^^^^^^^^^^^
  File "/home/sh1m0n/PycharmProjects/TeamMate/.venv/lib/python3.12/site-packages/django/views/decorators/cache.py", line 62, in _wrapper_view_func
    response = view_func(request, *args, **kwargs)
               ^^^^^^^^^^^^^^^^^^^^^^^^^^^^^^^^^^^
  File "/home/sh1m0n/PycharmProjects/TeamMate/.venv/lib/python3.12/site-packages/django/contrib/auth/views.py", line 147, in dispatch
    return super().dispatch(request, *args, **kwargs)
           ^^^^^^^^^^^^^^^^^^^^^^^^^^^^^^^^^^^^^^^^^^
  File "/home/sh1m0n/PycharmProjects/TeamMate/.venv/lib/python3.12/site-packages/django/views/generic/base.py", line 143, in dispatch
    return handler(request, *args, **kwargs)
           ^^^^^^^^^^^^^^^^^^^^^^^^^^^^^^^^^
  File "/home/sh1m0n/PycharmProjects/TeamMate/.venv/lib/python3.12/site-packages/django/utils/decorators.py", line 46, in _wrapper
    return bound_method(*args, **kwargs)
           ^^^^^^^^^^^^^^^^^^^^^^^^^^^^^
  File "/home/sh1m0n/PycharmProjects/TeamMate/.venv/lib/python3.12/site-packages/django/utils/decorators.py", line 134, in _wrapper_view
    response = view_func(request, *args, **kwargs)
               ^^^^^^^^^^^^^^^^^^^^^^^^^^^^^^^^^^^
  File "/home/sh1m0n/PycharmProjects/TeamMate/.venv/lib/python3.12/site-packages/django/contrib/auth/views.py", line 153, in post
    redirect_to = self.get_success_url()
                  ^^^^^^^^^^^^^^^^^^^^^^
  File "/home/sh1m0n/PycharmProjects/TeamMate/.venv/lib/python3.12/site-packages/django/contrib/auth/views.py", line 43, in get_success_url
    return self.get_redirect_url() or self.get_default_redirect_url()
                                      ^^^^^^^^^^^^^^^^^^^^^^^^^^^^^^^
  File "/home/sh1m0n/PycharmProjects/TeamMate/.venv/lib/python3.12/site-packages/django/contrib/auth/views.py", line 167, in get_default_redirect_url
    return resolve_url(settings.LOGOUT_REDIRECT_URL)
           ^^^^^^^^^^^^^^^^^^^^^^^^^^^^^^^^^^^^^^^^^
  File "/home/sh1m0n/PycharmProjects/TeamMate/.venv/lib/python3.12/site-packages/django/shortcuts.py", line 145, in resolve_url
    return reverse(to, args=args, kwargs=kwargs)
           ^^^^^^^^^^^^^^^^^^^^^^^^^^^^^^^^^^^^^
  File "/home/sh1m0n/PycharmProjects/TeamMate/.venv/lib/python3.12/site-packages/django/urls/base.py", line 88, in reverse
    return resolver._reverse_with_prefix(view, prefix, *args, **kwargs)
           ^^^^^^^^^^^^^^^^^^^^^^^^^^^^^^^^^^^^^^^^^^^^^^^^^^^^^^^^^^^^
  File "/home/sh1m0n/PycharmProjects/TeamMate/.venv/lib/python3.12/site-packages/django/urls/resolvers.py", line 828, in _reverse_with_prefix
    raise NoReverseMatch(msg)
django.urls.exceptions.NoReverseMatch: Reverse for 'sign_in' not found. 'sign_in' is not a valid view function or pattern name.
"POST /admin/logout/ HTTP/1.1" 500 145
Internal Server Error: /api/auth/users/
Traceback (most recent call last):
  File "/home/sh1m0n/PycharmProjects/TeamMate/.venv/lib/python3.12/site-packages/django/core/handlers/exception.py", line 55, in inner
    response = get_response(request)
               ^^^^^^^^^^^^^^^^^^^^^
  File "/home/sh1m0n/PycharmProjects/TeamMate/.venv/lib/python3.12/site-packages/django/core/handlers/base.py", line 197, in _get_response
    response = wrapped_callback(request, *callback_args, **callback_kwargs)
               ^^^^^^^^^^^^^^^^^^^^^^^^^^^^^^^^^^^^^^^^^^^^^^^^^^^^^^^^^^^^
  File "/home/sh1m0n/PycharmProjects/TeamMate/.venv/lib/python3.12/site-packages/django/views/decorators/csrf.py", line 56, in wrapper_view
    return view_func(*args, **kwargs)
           ^^^^^^^^^^^^^^^^^^^^^^^^^^
  File "/home/sh1m0n/PycharmProjects/TeamMate/.venv/lib/python3.12/site-packages/rest_framework/viewsets.py", line 125, in view
    return self.dispatch(request, *args, **kwargs)
           ^^^^^^^^^^^^^^^^^^^^^^^^^^^^^^^^^^^^^^^
  File "/home/sh1m0n/PycharmProjects/TeamMate/.venv/lib/python3.12/site-packages/rest_framework/views.py", line 515, in dispatch
    response = self.handle_exception(exc)
               ^^^^^^^^^^^^^^^^^^^^^^^^^^
  File "/home/sh1m0n/PycharmProjects/TeamMate/.venv/lib/python3.12/site-packages/rest_framework/views.py", line 475, in handle_exception
    self.raise_uncaught_exception(exc)
  File "/home/sh1m0n/PycharmProjects/TeamMate/.venv/lib/python3.12/site-packages/rest_framework/views.py", line 486, in raise_uncaught_exception
    raise exc
  File "/home/sh1m0n/PycharmProjects/TeamMate/.venv/lib/python3.12/site-packages/rest_framework/views.py", line 512, in dispatch
    response = handler(request, *args, **kwargs)
               ^^^^^^^^^^^^^^^^^^^^^^^^^^^^^^^^^
  File "/home/sh1m0n/PycharmProjects/TeamMate/.venv/lib/python3.12/site-packages/rest_framework/mixins.py", line 19, in create
    self.perform_create(serializer)
  File "/home/sh1m0n/PycharmProjects/TeamMate/.venv/lib/python3.12/site-packages/djoser/views.py", line 142, in perform_create
    settings.EMAIL.activation(self.request, context).send(to)
  File "/home/sh1m0n/PycharmProjects/TeamMate/.venv/lib/python3.12/site-packages/djoser/email.py", line 82, in send
    super().send(fail_silently=fail_silently)
  File "/home/sh1m0n/PycharmProjects/TeamMate/.venv/lib/python3.12/site-packages/django/core/mail/message.py", line 299, in send
    return self.get_connection(fail_silently).send_messages([self])
           ^^^^^^^^^^^^^^^^^^^^^^^^^^^^^^^^^^^^^^^^^^^^^^^^^^^^^^^^
  File "/home/sh1m0n/PycharmProjects/TeamMate/.venv/lib/python3.12/site-packages/django/core/mail/backends/smtp.py", line 127, in send_messages
    new_conn_created = self.open()
                       ^^^^^^^^^^^
  File "/home/sh1m0n/PycharmProjects/TeamMate/.venv/lib/python3.12/site-packages/django/core/mail/backends/smtp.py", line 85, in open
    self.connection = self.connection_class(
                      ^^^^^^^^^^^^^^^^^^^^^^
  File "/usr/lib/python3.12/smtplib.py", line 1022, in __init__
    SMTP.__init__(self, host, port, local_hostname, timeout,
  File "/usr/lib/python3.12/smtplib.py", line 255, in __init__
    (code, msg) = self.connect(host, port)
                  ^^^^^^^^^^^^^^^^^^^^^^^^
  File "/usr/lib/python3.12/smtplib.py", line 341, in connect
    self.sock = self._get_socket(host, port, self.timeout)
                ^^^^^^^^^^^^^^^^^^^^^^^^^^^^^^^^^^^^^^^^^^
  File "/usr/lib/python3.12/smtplib.py", line 1028, in _get_socket
    new_socket = super()._get_socket(host, port, timeout)
                 ^^^^^^^^^^^^^^^^^^^^^^^^^^^^^^^^^^^^^^^^
  File "/usr/lib/python3.12/smtplib.py", line 312, in _get_socket
    return socket.create_connection((host, port), timeout,
           ^^^^^^^^^^^^^^^^^^^^^^^^^^^^^^^^^^^^^^^^^^^^^^^
  File "/usr/lib/python3.12/socket.py", line 852, in create_connection
    raise exceptions[0]
  File "/usr/lib/python3.12/socket.py", line 837, in create_connection
    sock.connect(sa)
ConnectionRefusedError: [Errno 111] Connection refused
Internal Server Error: /api/auth/o/yandex-oauth2/
Traceback (most recent call last):
  File "/home/sh1m0n/PycharmProjects/TeamMate/.venv/lib/python3.12/site-packages/social_core/backends/utils.py", line 49, in get_backend
    return BACKENDSCACHE[name]
           ~~~~~~~~~~~~~^^^^^^
KeyError: 'yandex-oauth2'

During handling of the above exception, another exception occurred:

Traceback (most recent call last):
  File "/home/sh1m0n/PycharmProjects/TeamMate/.venv/lib/python3.12/site-packages/social_core/backends/utils.py", line 54, in get_backend
    return BACKENDSCACHE[name]
           ~~~~~~~~~~~~~^^^^^^
KeyError: 'yandex-oauth2'

During handling of the above exception, another exception occurred:

Traceback (most recent call last):
  File "/home/sh1m0n/PycharmProjects/TeamMate/.venv/lib/python3.12/site-packages/django/core/handlers/exception.py", line 55, in inner
    response = get_response(request)
               ^^^^^^^^^^^^^^^^^^^^^
  File "/home/sh1m0n/PycharmProjects/TeamMate/.venv/lib/python3.12/site-packages/django/core/handlers/base.py", line 197, in _get_response
    response = wrapped_callback(request, *callback_args, **callback_kwargs)
               ^^^^^^^^^^^^^^^^^^^^^^^^^^^^^^^^^^^^^^^^^^^^^^^^^^^^^^^^^^^^
  File "/home/sh1m0n/PycharmProjects/TeamMate/.venv/lib/python3.12/site-packages/django/views/decorators/csrf.py", line 56, in wrapper_view
    return view_func(*args, **kwargs)
           ^^^^^^^^^^^^^^^^^^^^^^^^^^
  File "/home/sh1m0n/PycharmProjects/TeamMate/.venv/lib/python3.12/site-packages/django/views/generic/base.py", line 104, in view
    return self.dispatch(request, *args, **kwargs)
           ^^^^^^^^^^^^^^^^^^^^^^^^^^^^^^^^^^^^^^^
  File "/home/sh1m0n/PycharmProjects/TeamMate/.venv/lib/python3.12/site-packages/rest_framework/views.py", line 515, in dispatch
    response = self.handle_exception(exc)
               ^^^^^^^^^^^^^^^^^^^^^^^^^^
  File "/home/sh1m0n/PycharmProjects/TeamMate/.venv/lib/python3.12/site-packages/rest_framework/views.py", line 475, in handle_exception
    self.raise_uncaught_exception(exc)
  File "/home/sh1m0n/PycharmProjects/TeamMate/.venv/lib/python3.12/site-packages/rest_framework/views.py", line 486, in raise_uncaught_exception
    raise exc
  File "/home/sh1m0n/PycharmProjects/TeamMate/.venv/lib/python3.12/site-packages/rest_framework/views.py", line 512, in dispatch
    response = handler(request, *args, **kwargs)
               ^^^^^^^^^^^^^^^^^^^^^^^^^^^^^^^^^
  File "/home/sh1m0n/PycharmProjects/TeamMate/.venv/lib/python3.12/site-packages/rest_framework/generics.py", line 194, in post
    return self.create(request, *args, **kwargs)
           ^^^^^^^^^^^^^^^^^^^^^^^^^^^^^^^^^^^^^
  File "/home/sh1m0n/PycharmProjects/TeamMate/.venv/lib/python3.12/site-packages/rest_framework/mixins.py", line 18, in create
    serializer.is_valid(raise_exception=True)
  File "/home/sh1m0n/PycharmProjects/TeamMate/.venv/lib/python3.12/site-packages/rest_framework/serializers.py", line 225, in is_valid
    self._validated_data = self.run_validation(self.initial_data)
                           ^^^^^^^^^^^^^^^^^^^^^^^^^^^^^^^^^^^^^^
  File "/home/sh1m0n/PycharmProjects/TeamMate/.venv/lib/python3.12/site-packages/rest_framework/serializers.py", line 447, in run_validation
    value = self.validate(value)
            ^^^^^^^^^^^^^^^^^^^^
  File "/home/sh1m0n/PycharmProjects/TeamMate/.venv/lib/python3.12/site-packages/djoser/social/serializers.py", line 27, in validate
    backend = load_backend(strategy, backend_name, redirect_uri=redirect_uri)
              ^^^^^^^^^^^^^^^^^^^^^^^^^^^^^^^^^^^^^^^^^^^^^^^^^^^^^^^^^^^^^^^
  File "/home/sh1m0n/PycharmProjects/TeamMate/.venv/lib/python3.12/site-packages/social_django/utils.py", line 23, in load_backend
    return strategy.get_backend(name, redirect_uri=redirect_uri)
           ^^^^^^^^^^^^^^^^^^^^^^^^^^^^^^^^^^^^^^^^^^^^^^^^^^^^^
  File "/home/sh1m0n/PycharmProjects/TeamMate/.venv/lib/python3.12/site-packages/social_core/strategy.py", line 172, in get_backend
    Backend = self.get_backend_class(name)
              ^^^^^^^^^^^^^^^^^^^^^^^^^^^^
  File "/home/sh1m0n/PycharmProjects/TeamMate/.venv/lib/python3.12/site-packages/social_core/strategy.py", line 168, in get_backend_class
    return get_backend(self.get_backends(), name)
           ^^^^^^^^^^^^^^^^^^^^^^^^^^^^^^^^^^^^^^
  File "/home/sh1m0n/PycharmProjects/TeamMate/.venv/lib/python3.12/site-packages/social_core/backends/utils.py", line 56, in get_backend
    raise MissingBackend(name)
social_core.exceptions.MissingBackend: Missing backend "yandex-oauth2" entry
Internal Server Error: /api/auth/proxy-yandex/
Traceback (most recent call last):
  File "/home/sh1m0n/PycharmProjects/TeamMate/.venv/lib/python3.12/site-packages/requests/models.py", line 974, in json
    return complexjson.loads(self.text, **kwargs)
           ^^^^^^^^^^^^^^^^^^^^^^^^^^^^^^^^^^^^^^
  File "/usr/lib/python3.12/json/__init__.py", line 346, in loads
    return _default_decoder.decode(s)
           ^^^^^^^^^^^^^^^^^^^^^^^^^^
  File "/usr/lib/python3.12/json/decoder.py", line 337, in decode
    obj, end = self.raw_decode(s, idx=_w(s, 0).end())
               ^^^^^^^^^^^^^^^^^^^^^^^^^^^^^^^^^^^^^^
  File "/usr/lib/python3.12/json/decoder.py", line 355, in raw_decode
    raise JSONDecodeError("Expecting value", s, err.value) from None
json.decoder.JSONDecodeError: Expecting value: line 2 column 1 (char 1)

During handling of the above exception, another exception occurred:

Traceback (most recent call last):
  File "/home/sh1m0n/PycharmProjects/TeamMate/.venv/lib/python3.12/site-packages/django/core/handlers/exception.py", line 55, in inner
    response = get_response(request)
               ^^^^^^^^^^^^^^^^^^^^^
  File "/home/sh1m0n/PycharmProjects/TeamMate/.venv/lib/python3.12/site-packages/django/core/handlers/base.py", line 197, in _get_response
    response = wrapped_callback(request, *callback_args, **callback_kwargs)
               ^^^^^^^^^^^^^^^^^^^^^^^^^^^^^^^^^^^^^^^^^^^^^^^^^^^^^^^^^^^^
  File "/home/sh1m0n/PycharmProjects/TeamMate/.venv/lib/python3.12/site-packages/django/views/decorators/csrf.py", line 56, in wrapper_view
    return view_func(*args, **kwargs)
           ^^^^^^^^^^^^^^^^^^^^^^^^^^
  File "/home/sh1m0n/PycharmProjects/TeamMate/.venv/lib/python3.12/site-packages/django/views/generic/base.py", line 104, in view
    return self.dispatch(request, *args, **kwargs)
           ^^^^^^^^^^^^^^^^^^^^^^^^^^^^^^^^^^^^^^^
  File "/home/sh1m0n/PycharmProjects/TeamMate/.venv/lib/python3.12/site-packages/django/utils/decorators.py", line 46, in _wrapper
    return bound_method(*args, **kwargs)
           ^^^^^^^^^^^^^^^^^^^^^^^^^^^^^
  File "/home/sh1m0n/PycharmProjects/TeamMate/.venv/lib/python3.12/site-packages/django/views/decorators/csrf.py", line 56, in wrapper_view
    return view_func(*args, **kwargs)
           ^^^^^^^^^^^^^^^^^^^^^^^^^^
  File "/home/sh1m0n/PycharmProjects/TeamMate/.venv/lib/python3.12/site-packages/rest_framework/views.py", line 515, in dispatch
    response = self.handle_exception(exc)
               ^^^^^^^^^^^^^^^^^^^^^^^^^^
  File "/home/sh1m0n/PycharmProjects/TeamMate/.venv/lib/python3.12/site-packages/rest_framework/views.py", line 475, in handle_exception
    self.raise_uncaught_exception(exc)
  File "/home/sh1m0n/PycharmProjects/TeamMate/.venv/lib/python3.12/site-packages/rest_framework/views.py", line 486, in raise_uncaught_exception
    raise exc
  File "/home/sh1m0n/PycharmProjects/TeamMate/.venv/lib/python3.12/site-packages/rest_framework/views.py", line 512, in dispatch
    response = handler(request, *args, **kwargs)
               ^^^^^^^^^^^^^^^^^^^^^^^^^^^^^^^^^
  File "/home/sh1m0n/Andrii/TeamMate/users/views.py", line 41, in post
    return Response(r.json(), status=r.status_code)
                    ^^^^^^^^
  File "/home/sh1m0n/PycharmProjects/TeamMate/.venv/lib/python3.12/site-packages/requests/models.py", line 978, in json
    raise RequestsJSONDecodeError(e.msg, e.doc, e.pos)
requests.exceptions.JSONDecodeError: Expecting value: line 2 column 1 (char 1)
"POST /api/auth/o/yandex-oauth2/ HTTP/1.1" 500 145
"POST /api/auth/proxy-yandex/ HTTP/1.1" 500 145
Internal Server Error: /api/auth/o/yandex-oauth2/
Traceback (most recent call last):
  File "/home/sh1m0n/PycharmProjects/TeamMate/.venv/lib/python3.12/site-packages/social_core/backends/utils.py", line 49, in get_backend
    return BACKENDSCACHE[name]
           ~~~~~~~~~~~~~^^^^^^
KeyError: 'yandex-oauth2'

During handling of the above exception, another exception occurred:

Traceback (most recent call last):
  File "/home/sh1m0n/PycharmProjects/TeamMate/.venv/lib/python3.12/site-packages/social_core/backends/utils.py", line 54, in get_backend
    return BACKENDSCACHE[name]
           ~~~~~~~~~~~~~^^^^^^
KeyError: 'yandex-oauth2'

During handling of the above exception, another exception occurred:

Traceback (most recent call last):
  File "/home/sh1m0n/PycharmProjects/TeamMate/.venv/lib/python3.12/site-packages/django/core/handlers/exception.py", line 55, in inner
    response = get_response(request)
               ^^^^^^^^^^^^^^^^^^^^^
  File "/home/sh1m0n/PycharmProjects/TeamMate/.venv/lib/python3.12/site-packages/django/core/handlers/base.py", line 197, in _get_response
    response = wrapped_callback(request, *callback_args, **callback_kwargs)
               ^^^^^^^^^^^^^^^^^^^^^^^^^^^^^^^^^^^^^^^^^^^^^^^^^^^^^^^^^^^^
  File "/home/sh1m0n/PycharmProjects/TeamMate/.venv/lib/python3.12/site-packages/django/views/decorators/csrf.py", line 56, in wrapper_view
    return view_func(*args, **kwargs)
           ^^^^^^^^^^^^^^^^^^^^^^^^^^
  File "/home/sh1m0n/PycharmProjects/TeamMate/.venv/lib/python3.12/site-packages/django/views/generic/base.py", line 104, in view
    return self.dispatch(request, *args, **kwargs)
           ^^^^^^^^^^^^^^^^^^^^^^^^^^^^^^^^^^^^^^^
  File "/home/sh1m0n/PycharmProjects/TeamMate/.venv/lib/python3.12/site-packages/rest_framework/views.py", line 515, in dispatch
    response = self.handle_exception(exc)
               ^^^^^^^^^^^^^^^^^^^^^^^^^^
  File "/home/sh1m0n/PycharmProjects/TeamMate/.venv/lib/python3.12/site-packages/rest_framework/views.py", line 475, in handle_exception
    self.raise_uncaught_exception(exc)
  File "/home/sh1m0n/PycharmProjects/TeamMate/.venv/lib/python3.12/site-packages/rest_framework/views.py", line 486, in raise_uncaught_exception
    raise exc
  File "/home/sh1m0n/PycharmProjects/TeamMate/.venv/lib/python3.12/site-packages/rest_framework/views.py", line 512, in dispatch
    response = handler(request, *args, **kwargs)
               ^^^^^^^^^^^^^^^^^^^^^^^^^^^^^^^^^
  File "/home/sh1m0n/PycharmProjects/TeamMate/.venv/lib/python3.12/site-packages/rest_framework/generics.py", line 194, in post
    return self.create(request, *args, **kwargs)
           ^^^^^^^^^^^^^^^^^^^^^^^^^^^^^^^^^^^^^
  File "/home/sh1m0n/PycharmProjects/TeamMate/.venv/lib/python3.12/site-packages/rest_framework/mixins.py", line 18, in create
    serializer.is_valid(raise_exception=True)
  File "/home/sh1m0n/PycharmProjects/TeamMate/.venv/lib/python3.12/site-packages/rest_framework/serializers.py", line 225, in is_valid
    self._validated_data = self.run_validation(self.initial_data)
                           ^^^^^^^^^^^^^^^^^^^^^^^^^^^^^^^^^^^^^^
  File "/home/sh1m0n/PycharmProjects/TeamMate/.venv/lib/python3.12/site-packages/rest_framework/serializers.py", line 447, in run_validation
    value = self.validate(value)
            ^^^^^^^^^^^^^^^^^^^^
  File "/home/sh1m0n/PycharmProjects/TeamMate/.venv/lib/python3.12/site-packages/djoser/social/serializers.py", line 27, in validate
    backend = load_backend(strategy, backend_name, redirect_uri=redirect_uri)
              ^^^^^^^^^^^^^^^^^^^^^^^^^^^^^^^^^^^^^^^^^^^^^^^^^^^^^^^^^^^^^^^
  File "/home/sh1m0n/PycharmProjects/TeamMate/.venv/lib/python3.12/site-packages/social_django/utils.py", line 23, in load_backend
    return strategy.get_backend(name, redirect_uri=redirect_uri)
           ^^^^^^^^^^^^^^^^^^^^^^^^^^^^^^^^^^^^^^^^^^^^^^^^^^^^^
  File "/home/sh1m0n/PycharmProjects/TeamMate/.venv/lib/python3.12/site-packages/social_core/strategy.py", line 172, in get_backend
    Backend = self.get_backend_class(name)
              ^^^^^^^^^^^^^^^^^^^^^^^^^^^^
  File "/home/sh1m0n/PycharmProjects/TeamMate/.venv/lib/python3.12/site-packages/social_core/strategy.py", line 168, in get_backend_class
    return get_backend(self.get_backends(), name)
           ^^^^^^^^^^^^^^^^^^^^^^^^^^^^^^^^^^^^^^
  File "/home/sh1m0n/PycharmProjects/TeamMate/.venv/lib/python3.12/site-packages/social_core/backends/utils.py", line 56, in get_backend
    raise MissingBackend(name)
social_core.exceptions.MissingBackend: Missing backend "yandex-oauth2" entry
Internal Server Error: /api/auth/proxy-yandex/
Traceback (most recent call last):
  File "/home/sh1m0n/PycharmProjects/TeamMate/.venv/lib/python3.12/site-packages/requests/models.py", line 974, in json
    return complexjson.loads(self.text, **kwargs)
           ^^^^^^^^^^^^^^^^^^^^^^^^^^^^^^^^^^^^^^
  File "/usr/lib/python3.12/json/__init__.py", line 346, in loads
    return _default_decoder.decode(s)
           ^^^^^^^^^^^^^^^^^^^^^^^^^^
  File "/usr/lib/python3.12/json/decoder.py", line 337, in decode
    obj, end = self.raw_decode(s, idx=_w(s, 0).end())
               ^^^^^^^^^^^^^^^^^^^^^^^^^^^^^^^^^^^^^^
  File "/usr/lib/python3.12/json/decoder.py", line 355, in raw_decode
    raise JSONDecodeError("Expecting value", s, err.value) from None
json.decoder.JSONDecodeError: Expecting value: line 2 column 1 (char 1)

During handling of the above exception, another exception occurred:

Traceback (most recent call last):
  File "/home/sh1m0n/PycharmProjects/TeamMate/.venv/lib/python3.12/site-packages/django/core/handlers/exception.py", line 55, in inner
    response = get_response(request)
               ^^^^^^^^^^^^^^^^^^^^^
  File "/home/sh1m0n/PycharmProjects/TeamMate/.venv/lib/python3.12/site-packages/django/core/handlers/base.py", line 197, in _get_response
    response = wrapped_callback(request, *callback_args, **callback_kwargs)
               ^^^^^^^^^^^^^^^^^^^^^^^^^^^^^^^^^^^^^^^^^^^^^^^^^^^^^^^^^^^^
  File "/home/sh1m0n/PycharmProjects/TeamMate/.venv/lib/python3.12/site-packages/django/views/decorators/csrf.py", line 56, in wrapper_view
    return view_func(*args, **kwargs)
           ^^^^^^^^^^^^^^^^^^^^^^^^^^
  File "/home/sh1m0n/PycharmProjects/TeamMate/.venv/lib/python3.12/site-packages/django/views/generic/base.py", line 104, in view
    return self.dispatch(request, *args, **kwargs)
           ^^^^^^^^^^^^^^^^^^^^^^^^^^^^^^^^^^^^^^^
  File "/home/sh1m0n/PycharmProjects/TeamMate/.venv/lib/python3.12/site-packages/django/utils/decorators.py", line 46, in _wrapper
    return bound_method(*args, **kwargs)
           ^^^^^^^^^^^^^^^^^^^^^^^^^^^^^
  File "/home/sh1m0n/PycharmProjects/TeamMate/.venv/lib/python3.12/site-packages/django/views/decorators/csrf.py", line 56, in wrapper_view
    return view_func(*args, **kwargs)
           ^^^^^^^^^^^^^^^^^^^^^^^^^^
  File "/home/sh1m0n/PycharmProjects/TeamMate/.venv/lib/python3.12/site-packages/rest_framework/views.py", line 515, in dispatch
    response = self.handle_exception(exc)
               ^^^^^^^^^^^^^^^^^^^^^^^^^^
  File "/home/sh1m0n/PycharmProjects/TeamMate/.venv/lib/python3.12/site-packages/rest_framework/views.py", line 475, in handle_exception
    self.raise_uncaught_exception(exc)
  File "/home/sh1m0n/PycharmProjects/TeamMate/.venv/lib/python3.12/site-packages/rest_framework/views.py", line 486, in raise_uncaught_exception
    raise exc
  File "/home/sh1m0n/PycharmProjects/TeamMate/.venv/lib/python3.12/site-packages/rest_framework/views.py", line 512, in dispatch
    response = handler(request, *args, **kwargs)
               ^^^^^^^^^^^^^^^^^^^^^^^^^^^^^^^^^
  File "/home/sh1m0n/Andrii/TeamMate/users/views.py", line 41, in post
    return Response(r.json(), status=r.status_code)
                    ^^^^^^^^
  File "/home/sh1m0n/PycharmProjects/TeamMate/.venv/lib/python3.12/site-packages/requests/models.py", line 978, in json
    raise RequestsJSONDecodeError(e.msg, e.doc, e.pos)
requests.exceptions.JSONDecodeError: Expecting value: line 2 column 1 (char 1)
"POST /api/auth/o/yandex-oauth2/ HTTP/1.1" 500 145
"POST /api/auth/proxy-yandex/ HTTP/1.1" 500 145
Internal Server Error: /api/auth/o/yandex-oauth2/
Traceback (most recent call last):
  File "/home/sh1m0n/PycharmProjects/TeamMate/.venv/lib/python3.12/site-packages/social_core/backends/utils.py", line 49, in get_backend
    return BACKENDSCACHE[name]
           ~~~~~~~~~~~~~^^^^^^
KeyError: 'yandex-oauth2'

During handling of the above exception, another exception occurred:

Traceback (most recent call last):
  File "/home/sh1m0n/PycharmProjects/TeamMate/.venv/lib/python3.12/site-packages/social_core/backends/utils.py", line 54, in get_backend
    return BACKENDSCACHE[name]
           ~~~~~~~~~~~~~^^^^^^
KeyError: 'yandex-oauth2'

During handling of the above exception, another exception occurred:

Traceback (most recent call last):
  File "/home/sh1m0n/PycharmProjects/TeamMate/.venv/lib/python3.12/site-packages/django/core/handlers/exception.py", line 55, in inner
    response = get_response(request)
               ^^^^^^^^^^^^^^^^^^^^^
  File "/home/sh1m0n/PycharmProjects/TeamMate/.venv/lib/python3.12/site-packages/django/core/handlers/base.py", line 197, in _get_response
    response = wrapped_callback(request, *callback_args, **callback_kwargs)
               ^^^^^^^^^^^^^^^^^^^^^^^^^^^^^^^^^^^^^^^^^^^^^^^^^^^^^^^^^^^^
  File "/home/sh1m0n/PycharmProjects/TeamMate/.venv/lib/python3.12/site-packages/django/views/decorators/csrf.py", line 56, in wrapper_view
    return view_func(*args, **kwargs)
           ^^^^^^^^^^^^^^^^^^^^^^^^^^
  File "/home/sh1m0n/PycharmProjects/TeamMate/.venv/lib/python3.12/site-packages/django/views/generic/base.py", line 104, in view
    return self.dispatch(request, *args, **kwargs)
           ^^^^^^^^^^^^^^^^^^^^^^^^^^^^^^^^^^^^^^^
  File "/home/sh1m0n/PycharmProjects/TeamMate/.venv/lib/python3.12/site-packages/rest_framework/views.py", line 515, in dispatch
    response = self.handle_exception(exc)
               ^^^^^^^^^^^^^^^^^^^^^^^^^^
  File "/home/sh1m0n/PycharmProjects/TeamMate/.venv/lib/python3.12/site-packages/rest_framework/views.py", line 475, in handle_exception
    self.raise_uncaught_exception(exc)
  File "/home/sh1m0n/PycharmProjects/TeamMate/.venv/lib/python3.12/site-packages/rest_framework/views.py", line 486, in raise_uncaught_exception
    raise exc
  File "/home/sh1m0n/PycharmProjects/TeamMate/.venv/lib/python3.12/site-packages/rest_framework/views.py", line 512, in dispatch
    response = handler(request, *args, **kwargs)
               ^^^^^^^^^^^^^^^^^^^^^^^^^^^^^^^^^
  File "/home/sh1m0n/PycharmProjects/TeamMate/.venv/lib/python3.12/site-packages/rest_framework/generics.py", line 194, in post
    return self.create(request, *args, **kwargs)
           ^^^^^^^^^^^^^^^^^^^^^^^^^^^^^^^^^^^^^
  File "/home/sh1m0n/PycharmProjects/TeamMate/.venv/lib/python3.12/site-packages/rest_framework/mixins.py", line 18, in create
    serializer.is_valid(raise_exception=True)
  File "/home/sh1m0n/PycharmProjects/TeamMate/.venv/lib/python3.12/site-packages/rest_framework/serializers.py", line 225, in is_valid
    self._validated_data = self.run_validation(self.initial_data)
                           ^^^^^^^^^^^^^^^^^^^^^^^^^^^^^^^^^^^^^^
  File "/home/sh1m0n/PycharmProjects/TeamMate/.venv/lib/python3.12/site-packages/rest_framework/serializers.py", line 447, in run_validation
    value = self.validate(value)
            ^^^^^^^^^^^^^^^^^^^^
  File "/home/sh1m0n/PycharmProjects/TeamMate/.venv/lib/python3.12/site-packages/djoser/social/serializers.py", line 27, in validate
    backend = load_backend(strategy, backend_name, redirect_uri=redirect_uri)
              ^^^^^^^^^^^^^^^^^^^^^^^^^^^^^^^^^^^^^^^^^^^^^^^^^^^^^^^^^^^^^^^
  File "/home/sh1m0n/PycharmProjects/TeamMate/.venv/lib/python3.12/site-packages/social_django/utils.py", line 23, in load_backend
    return strategy.get_backend(name, redirect_uri=redirect_uri)
           ^^^^^^^^^^^^^^^^^^^^^^^^^^^^^^^^^^^^^^^^^^^^^^^^^^^^^
  File "/home/sh1m0n/PycharmProjects/TeamMate/.venv/lib/python3.12/site-packages/social_core/strategy.py", line 172, in get_backend
    Backend = self.get_backend_class(name)
              ^^^^^^^^^^^^^^^^^^^^^^^^^^^^
  File "/home/sh1m0n/PycharmProjects/TeamMate/.venv/lib/python3.12/site-packages/social_core/strategy.py", line 168, in get_backend_class
    return get_backend(self.get_backends(), name)
           ^^^^^^^^^^^^^^^^^^^^^^^^^^^^^^^^^^^^^^
  File "/home/sh1m0n/PycharmProjects/TeamMate/.venv/lib/python3.12/site-packages/social_core/backends/utils.py", line 56, in get_backend
    raise MissingBackend(name)
social_core.exceptions.MissingBackend: Missing backend "yandex-oauth2" entry
"POST /api/auth/o/yandex-oauth2/ HTTP/1.1" 500 145
Internal Server Error: /api/auth/o/yandex-oauth2/
Traceback (most recent call last):
  File "/home/sh1m0n/PycharmProjects/TeamMate/.venv/lib/python3.12/site-packages/social_core/backends/utils.py", line 49, in get_backend
    return BACKENDSCACHE[name]
           ~~~~~~~~~~~~~^^^^^^
KeyError: 'yandex-oauth2'

During handling of the above exception, another exception occurred:

Traceback (most recent call last):
  File "/home/sh1m0n/PycharmProjects/TeamMate/.venv/lib/python3.12/site-packages/social_core/backends/utils.py", line 54, in get_backend
    return BACKENDSCACHE[name]
           ~~~~~~~~~~~~~^^^^^^
KeyError: 'yandex-oauth2'

During handling of the above exception, another exception occurred:

Traceback (most recent call last):
  File "/home/sh1m0n/PycharmProjects/TeamMate/.venv/lib/python3.12/site-packages/django/core/handlers/exception.py", line 55, in inner
    response = get_response(request)
               ^^^^^^^^^^^^^^^^^^^^^
  File "/home/sh1m0n/PycharmProjects/TeamMate/.venv/lib/python3.12/site-packages/django/core/handlers/base.py", line 197, in _get_response
    response = wrapped_callback(request, *callback_args, **callback_kwargs)
               ^^^^^^^^^^^^^^^^^^^^^^^^^^^^^^^^^^^^^^^^^^^^^^^^^^^^^^^^^^^^
  File "/home/sh1m0n/PycharmProjects/TeamMate/.venv/lib/python3.12/site-packages/django/views/decorators/csrf.py", line 56, in wrapper_view
    return view_func(*args, **kwargs)
           ^^^^^^^^^^^^^^^^^^^^^^^^^^
  File "/home/sh1m0n/PycharmProjects/TeamMate/.venv/lib/python3.12/site-packages/django/views/generic/base.py", line 104, in view
    return self.dispatch(request, *args, **kwargs)
           ^^^^^^^^^^^^^^^^^^^^^^^^^^^^^^^^^^^^^^^
  File "/home/sh1m0n/PycharmProjects/TeamMate/.venv/lib/python3.12/site-packages/rest_framework/views.py", line 515, in dispatch
    response = self.handle_exception(exc)
               ^^^^^^^^^^^^^^^^^^^^^^^^^^
  File "/home/sh1m0n/PycharmProjects/TeamMate/.venv/lib/python3.12/site-packages/rest_framework/views.py", line 475, in handle_exception
    self.raise_uncaught_exception(exc)
  File "/home/sh1m0n/PycharmProjects/TeamMate/.venv/lib/python3.12/site-packages/rest_framework/views.py", line 486, in raise_uncaught_exception
    raise exc
  File "/home/sh1m0n/PycharmProjects/TeamMate/.venv/lib/python3.12/site-packages/rest_framework/views.py", line 512, in dispatch
    response = handler(request, *args, **kwargs)
               ^^^^^^^^^^^^^^^^^^^^^^^^^^^^^^^^^
  File "/home/sh1m0n/PycharmProjects/TeamMate/.venv/lib/python3.12/site-packages/rest_framework/generics.py", line 194, in post
    return self.create(request, *args, **kwargs)
           ^^^^^^^^^^^^^^^^^^^^^^^^^^^^^^^^^^^^^
  File "/home/sh1m0n/PycharmProjects/TeamMate/.venv/lib/python3.12/site-packages/rest_framework/mixins.py", line 18, in create
    serializer.is_valid(raise_exception=True)
  File "/home/sh1m0n/PycharmProjects/TeamMate/.venv/lib/python3.12/site-packages/rest_framework/serializers.py", line 225, in is_valid
    self._validated_data = self.run_validation(self.initial_data)
                           ^^^^^^^^^^^^^^^^^^^^^^^^^^^^^^^^^^^^^^
  File "/home/sh1m0n/PycharmProjects/TeamMate/.venv/lib/python3.12/site-packages/rest_framework/serializers.py", line 447, in run_validation
    value = self.validate(value)
            ^^^^^^^^^^^^^^^^^^^^
  File "/home/sh1m0n/PycharmProjects/TeamMate/.venv/lib/python3.12/site-packages/djoser/social/serializers.py", line 27, in validate
    backend = load_backend(strategy, backend_name, redirect_uri=redirect_uri)
              ^^^^^^^^^^^^^^^^^^^^^^^^^^^^^^^^^^^^^^^^^^^^^^^^^^^^^^^^^^^^^^^
  File "/home/sh1m0n/PycharmProjects/TeamMate/.venv/lib/python3.12/site-packages/social_django/utils.py", line 23, in load_backend
    return strategy.get_backend(name, redirect_uri=redirect_uri)
           ^^^^^^^^^^^^^^^^^^^^^^^^^^^^^^^^^^^^^^^^^^^^^^^^^^^^^
  File "/home/sh1m0n/PycharmProjects/TeamMate/.venv/lib/python3.12/site-packages/social_core/strategy.py", line 172, in get_backend
    Backend = self.get_backend_class(name)
              ^^^^^^^^^^^^^^^^^^^^^^^^^^^^
  File "/home/sh1m0n/PycharmProjects/TeamMate/.venv/lib/python3.12/site-packages/social_core/strategy.py", line 168, in get_backend_class
    return get_backend(self.get_backends(), name)
           ^^^^^^^^^^^^^^^^^^^^^^^^^^^^^^^^^^^^^^
  File "/home/sh1m0n/PycharmProjects/TeamMate/.venv/lib/python3.12/site-packages/social_core/backends/utils.py", line 56, in get_backend
    raise MissingBackend(name)
social_core.exceptions.MissingBackend: Missing backend "yandex-oauth2" entry
"POST /api/auth/o/yandex-oauth2/ HTTP/1.1" 500 145
